<?xml version="1.0" encoding="UTF-8" standalone="no" ?>
<COLLADA xmlns="http://www.collada.org/2005/11/COLLADASchema" version="1.4.1">
    <asset>
        <contributor>
            <authoring_tool>SketchUp 18.0.16975</authoring_tool>
        </contributor>
        <created>2026-09-07T18:32:28Z</created>
        <modified>2026-09-07T18:32:28Z</modified>
        <unit meter="0.0254" name="inch" />
        <up_axis>Z_UP</up_axis>
    </asset>
    <library_cameras>
        <camera id="ID1" name="skp_camera_Last_Saved_SketchUp_View">
            <optics>
                <technique_common>
                    <perspective>
                        <yfov>35</yfov>
                        <aspect_ratio>0</aspect_ratio>
                        <znear>1</znear>
                        <zfar>1000</zfar>
                    </perspective>
                </technique_common>
            </optics>
        </camera>
    </library_cameras>
    <library_visual_scenes>
        <visual_scene id="ID2">
            <node name="SketchUp">
                <node name="skp_camera_Last_Saved_SketchUp_View">
                    <matrix>-0.9233726 -0.2494533 0.2918153 309.6622 0.3839051 -0.5999877 0.7018772 738.6864 6.938894e-16 0.7601235 0.6497786 459.8293 0 0 0 1</matrix>
                    <instance_camera url="#ID1" />
                </node>
                <node id="ID3" name="RDC_-_Floor">
                    <matrix>1 0 0 0 0 1 0 0 0 0 1 -5.905512 0 0 0 1</matrix>
                    <instance_geometry url="#ID4">
                        <bind_material>
                            <technique_common>
                                <instance_material symbol="Material2" target="#ID6">
                                    <bind_vertex_input semantic="UVSET0" input_semantic="TEXCOORD" input_set="0" />
                                </instance_material>
                                <instance_material symbol="Material3" target="#ID12">
                                    <bind_vertex_input semantic="UVSET0" input_semantic="TEXCOORD" input_set="0" />
                                </instance_material>
                                <instance_material symbol="Material4" target="#ID13">
                                    <bind_vertex_input semantic="UVSET0" input_semantic="TEXCOORD" input_set="0" />
                                </instance_material>
                            </technique_common>
                        </bind_material>
                    </instance_geometry>
                </node>
                <node id="ID18" name="RDC_-_Internal_Walls">
                    <matrix>1 0 0 112.2047 0 1 0 525.5284 0 0 1 0 0 0 0 1</matrix>
                    <instance_geometry url="#ID19">
                        <bind_material>
                            <technique_common>
                                <instance_material symbol="Material2" target="#ID6">
                                    <bind_vertex_input semantic="UVSET0" input_semantic="TEXCOORD" input_set="0" />
                                </instance_material>
                                <instance_material symbol="Material3" target="#ID12">
                                    <bind_vertex_input semantic="UVSET0" input_semantic="TEXCOORD" input_set="0" />
                                </instance_material>
                                <instance_material symbol="Material4" target="#ID13">
                                    <bind_vertex_input semantic="UVSET0" input_semantic="TEXCOORD" input_set="0" />
                                </instance_material>
                            </technique_common>
                        </bind_material>
                    </instance_geometry>
                    <instance_geometry url="#ID27">
                        <bind_material>
                            <technique_common>
                                <instance_material symbol="Material2" target="#ID6">
                                    <bind_vertex_input semantic="UVSET0" input_semantic="TEXCOORD" input_set="0" />
                                </instance_material>
                                <instance_material symbol="Material3" target="#ID12">
                                    <bind_vertex_input semantic="UVSET0" input_semantic="TEXCOORD" input_set="0" />
                                </instance_material>
                                <instance_material symbol="Material4" target="#ID13">
                                    <bind_vertex_input semantic="UVSET0" input_semantic="TEXCOORD" input_set="0" />
                                </instance_material>
                            </technique_common>
                        </bind_material>
                    </instance_geometry>
                    <instance_geometry url="#ID35">
                        <bind_material>
                            <technique_common>
                                <instance_material symbol="Material2" target="#ID6">
                                    <bind_vertex_input semantic="UVSET0" input_semantic="TEXCOORD" input_set="0" />
                                </instance_material>
                                <instance_material symbol="Material3" target="#ID12">
                                    <bind_vertex_input semantic="UVSET0" input_semantic="TEXCOORD" input_set="0" />
                                </instance_material>
                                <instance_material symbol="Material4" target="#ID13">
                                    <bind_vertex_input semantic="UVSET0" input_semantic="TEXCOORD" input_set="0" />
                                </instance_material>
                            </technique_common>
                        </bind_material>
                    </instance_geometry>
                    <instance_geometry url="#ID43">
                        <bind_material>
                            <technique_common>
                                <instance_material symbol="Material2" target="#ID13">
                                    <bind_vertex_input semantic="UVSET0" input_semantic="TEXCOORD" input_set="0" />
                                </instance_material>
                            </technique_common>
                        </bind_material>
                    </instance_geometry>
                    <instance_geometry url="#ID47">
                        <bind_material>
                            <technique_common>
                                <instance_material symbol="Material2" target="#ID13">
                                    <bind_vertex_input semantic="UVSET0" input_semantic="TEXCOORD" input_set="0" />
                                </instance_material>
                            </technique_common>
                        </bind_material>
                    </instance_geometry>
                </node>
                <node id="ID51" name="RDC_-_Ceiling">
                    <matrix>1 0 0 7.874016 0 1 0 226.7095 0 0 1 86.61417 0 0 0 1</matrix>
                    <instance_geometry url="#ID52">
                        <bind_material>
                            <technique_common>
                                <instance_material symbol="Material2" target="#ID6">
                                    <bind_vertex_input semantic="UVSET0" input_semantic="TEXCOORD" input_set="0" />
                                </instance_material>
                                <instance_material symbol="Material3" target="#ID12">
                                    <bind_vertex_input semantic="UVSET0" input_semantic="TEXCOORD" input_set="0" />
                                </instance_material>
                                <instance_material symbol="Material4" target="#ID13">
                                    <bind_vertex_input semantic="UVSET0" input_semantic="TEXCOORD" input_set="0" />
                                </instance_material>
                            </technique_common>
                        </bind_material>
                    </instance_geometry>
                    <instance_geometry url="#ID60">
                        <bind_material>
                            <technique_common>
                                <instance_material symbol="Material2" target="#ID6">
                                    <bind_vertex_input semantic="UVSET0" input_semantic="TEXCOORD" input_set="0" />
                                </instance_material>
                                <instance_material symbol="Material3" target="#ID12">
                                    <bind_vertex_input semantic="UVSET0" input_semantic="TEXCOORD" input_set="0" />
                                </instance_material>
                                <instance_material symbol="Material4" target="#ID13">
                                    <bind_vertex_input semantic="UVSET0" input_semantic="TEXCOORD" input_set="0" />
                                </instance_material>
                            </technique_common>
                        </bind_material>
                    </instance_geometry>
                    <instance_geometry url="#ID68">
                        <bind_material>
                            <technique_common>
                                <instance_material symbol="Material2" target="#ID6">
                                    <bind_vertex_input semantic="UVSET0" input_semantic="TEXCOORD" input_set="0" />
                                </instance_material>
                                <instance_material symbol="Material3" target="#ID12">
                                    <bind_vertex_input semantic="UVSET0" input_semantic="TEXCOORD" input_set="0" />
                                </instance_material>
                                <instance_material symbol="Material4" target="#ID13">
                                    <bind_vertex_input semantic="UVSET0" input_semantic="TEXCOORD" input_set="0" />
                                </instance_material>
                            </technique_common>
                        </bind_material>
                    </instance_geometry>
                </node>
                <node id="ID76" name="RDC_-_Stairs">
                    <matrix>1 0 0 49.2126 0 1 0 446.7882 0 0 1 0 0 0 0 1</matrix>
                    <instance_geometry url="#ID77">
                        <bind_material>
                            <technique_common>
                                <instance_material symbol="Material2" target="#ID6">
                                    <bind_vertex_input semantic="UVSET0" input_semantic="TEXCOORD" input_set="0" />
                                </instance_material>
                                <instance_material symbol="Material3" target="#ID12">
                                    <bind_vertex_input semantic="UVSET0" input_semantic="TEXCOORD" input_set="0" />
                                </instance_material>
                                <instance_material symbol="Material4" target="#ID13">
                                    <bind_vertex_input semantic="UVSET0" input_semantic="TEXCOORD" input_set="0" />
                                </instance_material>
                            </technique_common>
                        </bind_material>
                    </instance_geometry>
                </node>
                <node id="ID85" name="RDC_-_Exterior_Walls">
                    <matrix>1 0 0 0 0 1 0 0 0 0 1 0 0 0 0 1</matrix>
                    <instance_geometry url="#ID86">
                        <bind_material>
                            <technique_common>
                                <instance_material symbol="Material2" target="#ID6">
                                    <bind_vertex_input semantic="UVSET0" input_semantic="TEXCOORD" input_set="0" />
                                </instance_material>
                                <instance_material symbol="Material3" target="#ID12">
                                    <bind_vertex_input semantic="UVSET0" input_semantic="TEXCOORD" input_set="0" />
                                </instance_material>
                                <instance_material symbol="Material4" target="#ID13">
                                    <bind_vertex_input semantic="UVSET0" input_semantic="TEXCOORD" input_set="0" />
                                </instance_material>
                            </technique_common>
                        </bind_material>
                    </instance_geometry>
                    <instance_geometry url="#ID94">
                        <bind_material>
                            <technique_common>
                                <instance_material symbol="Material2" target="#ID6">
                                    <bind_vertex_input semantic="UVSET0" input_semantic="TEXCOORD" input_set="0" />
                                </instance_material>
                                <instance_material symbol="Material3" target="#ID12">
                                    <bind_vertex_input semantic="UVSET0" input_semantic="TEXCOORD" input_set="0" />
                                </instance_material>
                                <instance_material symbol="Material4" target="#ID13">
                                    <bind_vertex_input semantic="UVSET0" input_semantic="TEXCOORD" input_set="0" />
                                </instance_material>
                            </technique_common>
                        </bind_material>
                    </instance_geometry>
                    <instance_geometry url="#ID102">
                        <bind_material>
                            <technique_common>
                                <instance_material symbol="Material2" target="#ID6">
                                    <bind_vertex_input semantic="UVSET0" input_semantic="TEXCOORD" input_set="0" />
                                </instance_material>
                                <instance_material symbol="Material3" target="#ID12">
                                    <bind_vertex_input semantic="UVSET0" input_semantic="TEXCOORD" input_set="0" />
                                </instance_material>
                                <instance_material symbol="Material4" target="#ID13">
                                    <bind_vertex_input semantic="UVSET0" input_semantic="TEXCOORD" input_set="0" />
                                </instance_material>
                            </technique_common>
                        </bind_material>
                    </instance_geometry>
                </node>
                <node id="ID110" name="RDC_-_Kitchenn">
                    <matrix>1 0 0 130.3342 0 1 0 105.5118 0 0 1 -1.98952e-13 0 0 0 1</matrix>
                    <instance_geometry url="#ID111">
                        <bind_material>
                            <technique_common>
                                <instance_material symbol="Material2" target="#ID6">
                                    <bind_vertex_input semantic="UVSET0" input_semantic="TEXCOORD" input_set="0" />
                                </instance_material>
                                <instance_material symbol="Material3" target="#ID12">
                                    <bind_vertex_input semantic="UVSET0" input_semantic="TEXCOORD" input_set="0" />
                                </instance_material>
                                <instance_material symbol="Material4" target="#ID13">
                                    <bind_vertex_input semantic="UVSET0" input_semantic="TEXCOORD" input_set="0" />
                                </instance_material>
                            </technique_common>
                        </bind_material>
                    </instance_geometry>
                    <instance_geometry url="#ID119">
                        <bind_material>
                            <technique_common>
                                <instance_material symbol="Material2" target="#ID6">
                                    <bind_vertex_input semantic="UVSET0" input_semantic="TEXCOORD" input_set="0" />
                                </instance_material>
                                <instance_material symbol="Material3" target="#ID12">
                                    <bind_vertex_input semantic="UVSET0" input_semantic="TEXCOORD" input_set="0" />
                                </instance_material>
                                <instance_material symbol="Material4" target="#ID13">
                                    <bind_vertex_input semantic="UVSET0" input_semantic="TEXCOORD" input_set="0" />
                                </instance_material>
                            </technique_common>
                        </bind_material>
                    </instance_geometry>
                    <instance_geometry url="#ID127">
                        <bind_material>
                            <technique_common>
                                <instance_material symbol="Material2" target="#ID6">
                                    <bind_vertex_input semantic="UVSET0" input_semantic="TEXCOORD" input_set="0" />
                                </instance_material>
                                <instance_material symbol="Material3" target="#ID12">
                                    <bind_vertex_input semantic="UVSET0" input_semantic="TEXCOORD" input_set="0" />
                                </instance_material>
                                <instance_material symbol="Material4" target="#ID13">
                                    <bind_vertex_input semantic="UVSET0" input_semantic="TEXCOORD" input_set="0" />
                                </instance_material>
                            </technique_common>
                        </bind_material>
                    </instance_geometry>
                    <instance_geometry url="#ID135">
                        <bind_material>
                            <technique_common>
                                <instance_material symbol="Material2" target="#ID6">
                                    <bind_vertex_input semantic="UVSET0" input_semantic="TEXCOORD" input_set="0" />
                                </instance_material>
                                <instance_material symbol="Material3" target="#ID12">
                                    <bind_vertex_input semantic="UVSET0" input_semantic="TEXCOORD" input_set="0" />
                                </instance_material>
                                <instance_material symbol="Material4" target="#ID13">
                                    <bind_vertex_input semantic="UVSET0" input_semantic="TEXCOORD" input_set="0" />
                                </instance_material>
                            </technique_common>
                        </bind_material>
                    </instance_geometry>
                    <instance_geometry url="#ID143">
                        <bind_material>
                            <technique_common>
                                <instance_material symbol="Material2" target="#ID6">
                                    <bind_vertex_input semantic="UVSET0" input_semantic="TEXCOORD" input_set="0" />
                                </instance_material>
                                <instance_material symbol="Material3" target="#ID12">
                                    <bind_vertex_input semantic="UVSET0" input_semantic="TEXCOORD" input_set="0" />
                                </instance_material>
                                <instance_material symbol="Material4" target="#ID13">
                                    <bind_vertex_input semantic="UVSET0" input_semantic="TEXCOORD" input_set="0" />
                                </instance_material>
                            </technique_common>
                        </bind_material>
                    </instance_geometry>
                    <instance_geometry url="#ID151">
                        <bind_material>
                            <technique_common>
                                <instance_material symbol="Material2" target="#ID6">
                                    <bind_vertex_input semantic="UVSET0" input_semantic="TEXCOORD" input_set="0" />
                                </instance_material>
                                <instance_material symbol="Material3" target="#ID12">
                                    <bind_vertex_input semantic="UVSET0" input_semantic="TEXCOORD" input_set="0" />
                                </instance_material>
                                <instance_material symbol="Material4" target="#ID13">
                                    <bind_vertex_input semantic="UVSET0" input_semantic="TEXCOORD" input_set="0" />
                                </instance_material>
                            </technique_common>
                        </bind_material>
                    </instance_geometry>
                    <instance_geometry url="#ID159">
                        <bind_material>
                            <technique_common>
                                <instance_material symbol="Material2" target="#ID6">
                                    <bind_vertex_input semantic="UVSET0" input_semantic="TEXCOORD" input_set="0" />
                                </instance_material>
                                <instance_material symbol="Material3" target="#ID12">
                                    <bind_vertex_input semantic="UVSET0" input_semantic="TEXCOORD" input_set="0" />
                                </instance_material>
                                <instance_material symbol="Material4" target="#ID13">
                                    <bind_vertex_input semantic="UVSET0" input_semantic="TEXCOORD" input_set="0" />
                                </instance_material>
                            </technique_common>
                        </bind_material>
                    </instance_geometry>
                    <instance_geometry url="#ID167">
                        <bind_material>
                            <technique_common>
                                <instance_material symbol="Material2" target="#ID6">
                                    <bind_vertex_input semantic="UVSET0" input_semantic="TEXCOORD" input_set="0" />
                                </instance_material>
                                <instance_material symbol="Material3" target="#ID12">
                                    <bind_vertex_input semantic="UVSET0" input_semantic="TEXCOORD" input_set="0" />
                                </instance_material>
                                <instance_material symbol="Material4" target="#ID13">
                                    <bind_vertex_input semantic="UVSET0" input_semantic="TEXCOORD" input_set="0" />
                                </instance_material>
                            </technique_common>
                        </bind_material>
                    </instance_geometry>
                    <instance_geometry url="#ID175">
                        <bind_material>
                            <technique_common>
                                <instance_material symbol="Material2" target="#ID6">
                                    <bind_vertex_input semantic="UVSET0" input_semantic="TEXCOORD" input_set="0" />
                                </instance_material>
                                <instance_material symbol="Material3" target="#ID12">
                                    <bind_vertex_input semantic="UVSET0" input_semantic="TEXCOORD" input_set="0" />
                                </instance_material>
                                <instance_material symbol="Material4" target="#ID13">
                                    <bind_vertex_input semantic="UVSET0" input_semantic="TEXCOORD" input_set="0" />
                                </instance_material>
                            </technique_common>
                        </bind_material>
                    </instance_geometry>
                    <instance_geometry url="#ID183">
                        <bind_material>
                            <technique_common>
                                <instance_material symbol="Material2" target="#ID6">
                                    <bind_vertex_input semantic="UVSET0" input_semantic="TEXCOORD" input_set="0" />
                                </instance_material>
                                <instance_material symbol="Material3" target="#ID12">
                                    <bind_vertex_input semantic="UVSET0" input_semantic="TEXCOORD" input_set="0" />
                                </instance_material>
                                <instance_material symbol="Material4" target="#ID13">
                                    <bind_vertex_input semantic="UVSET0" input_semantic="TEXCOORD" input_set="0" />
                                </instance_material>
                            </technique_common>
                        </bind_material>
                    </instance_geometry>
                    <instance_geometry url="#ID191">
                        <bind_material>
                            <technique_common>
                                <instance_material symbol="Material2" target="#ID6">
                                    <bind_vertex_input semantic="UVSET0" input_semantic="TEXCOORD" input_set="0" />
                                </instance_material>
                                <instance_material symbol="Material3" target="#ID12">
                                    <bind_vertex_input semantic="UVSET0" input_semantic="TEXCOORD" input_set="0" />
                                </instance_material>
                                <instance_material symbol="Material4" target="#ID13">
                                    <bind_vertex_input semantic="UVSET0" input_semantic="TEXCOORD" input_set="0" />
                                </instance_material>
                            </technique_common>
                        </bind_material>
                    </instance_geometry>
                    <instance_geometry url="#ID199">
                        <bind_material>
                            <technique_common>
                                <instance_material symbol="Material2" target="#ID13">
                                    <bind_vertex_input semantic="UVSET0" input_semantic="TEXCOORD" input_set="0" />
                                </instance_material>
                            </technique_common>
                        </bind_material>
                    </instance_geometry>
                    <instance_geometry url="#ID203">
                        <bind_material>
                            <technique_common>
                                <instance_material symbol="Material2" target="#ID13">
                                    <bind_vertex_input semantic="UVSET0" input_semantic="TEXCOORD" input_set="0" />
                                </instance_material>
                            </technique_common>
                        </bind_material>
                    </instance_geometry>
                    <instance_geometry url="#ID207">
                        <bind_material>
                            <technique_common>
                                <instance_material symbol="Material2" target="#ID13">
                                    <bind_vertex_input semantic="UVSET0" input_semantic="TEXCOORD" input_set="0" />
                                </instance_material>
                            </technique_common>
                        </bind_material>
                    </instance_geometry>
                    <instance_geometry url="#ID211">
                        <bind_material>
                            <technique_common>
                                <instance_material symbol="Material2" target="#ID13">
                                    <bind_vertex_input semantic="UVSET0" input_semantic="TEXCOORD" input_set="0" />
                                </instance_material>
                            </technique_common>
                        </bind_material>
                    </instance_geometry>
                    <instance_geometry url="#ID215">
                        <bind_material>
                            <technique_common>
                                <instance_material symbol="Material2" target="#ID13">
                                    <bind_vertex_input semantic="UVSET0" input_semantic="TEXCOORD" input_set="0" />
                                </instance_material>
                            </technique_common>
                        </bind_material>
                    </instance_geometry>
                    <instance_geometry url="#ID219">
                        <bind_material>
                            <technique_common>
                                <instance_material symbol="Material2" target="#ID13">
                                    <bind_vertex_input semantic="UVSET0" input_semantic="TEXCOORD" input_set="0" />
                                </instance_material>
                            </technique_common>
                        </bind_material>
                    </instance_geometry>
                    <instance_geometry url="#ID223">
                        <bind_material>
                            <technique_common>
                                <instance_material symbol="Material2" target="#ID13">
                                    <bind_vertex_input semantic="UVSET0" input_semantic="TEXCOORD" input_set="0" />
                                </instance_material>
                            </technique_common>
                        </bind_material>
                    </instance_geometry>
                    <instance_geometry url="#ID227">
                        <bind_material>
                            <technique_common>
                                <instance_material symbol="Material2" target="#ID13">
                                    <bind_vertex_input semantic="UVSET0" input_semantic="TEXCOORD" input_set="0" />
                                </instance_material>
                            </technique_common>
                        </bind_material>
                    </instance_geometry>
                    <instance_geometry url="#ID231">
                        <bind_material>
                            <technique_common>
                                <instance_material symbol="Material2" target="#ID13">
                                    <bind_vertex_input semantic="UVSET0" input_semantic="TEXCOORD" input_set="0" />
                                </instance_material>
                            </technique_common>
                        </bind_material>
                    </instance_geometry>
                    <instance_geometry url="#ID235">
                        <bind_material>
                            <technique_common>
                                <instance_material symbol="Material2" target="#ID13">
                                    <bind_vertex_input semantic="UVSET0" input_semantic="TEXCOORD" input_set="0" />
                                </instance_material>
                            </technique_common>
                        </bind_material>
                    </instance_geometry>
                    <instance_geometry url="#ID239">
                        <bind_material>
                            <technique_common>
                                <instance_material symbol="Material2" target="#ID13">
                                    <bind_vertex_input semantic="UVSET0" input_semantic="TEXCOORD" input_set="0" />
                                </instance_material>
                            </technique_common>
                        </bind_material>
                    </instance_geometry>
                    <instance_geometry url="#ID243">
                        <bind_material>
                            <technique_common>
                                <instance_material symbol="Material2" target="#ID13">
                                    <bind_vertex_input semantic="UVSET0" input_semantic="TEXCOORD" input_set="0" />
                                </instance_material>
                            </technique_common>
                        </bind_material>
                    </instance_geometry>
                    <instance_geometry url="#ID247">
                        <bind_material>
                            <technique_common>
                                <instance_material symbol="Material2" target="#ID13">
                                    <bind_vertex_input semantic="UVSET0" input_semantic="TEXCOORD" input_set="0" />
                                </instance_material>
                            </technique_common>
                        </bind_material>
                    </instance_geometry>
                    <instance_geometry url="#ID251">
                        <bind_material>
                            <technique_common>
                                <instance_material symbol="Material2" target="#ID13">
                                    <bind_vertex_input semantic="UVSET0" input_semantic="TEXCOORD" input_set="0" />
                                </instance_material>
                            </technique_common>
                        </bind_material>
                    </instance_geometry>
                </node>
                <node id="ID255" name="image_0">
                    <matrix>1.33744 0 0 0 0 1.33744 0 0 0 0 1 0 0 0 0 1</matrix>
                    <instance_geometry url="#ID256">
                        <bind_material>
                            <technique_common>
                                <instance_material symbol="Material2" target="#ID6">
                                    <bind_vertex_input semantic="UVSET0" input_semantic="TEXCOORD" input_set="0" />
                                </instance_material>
                            </technique_common>
                        </bind_material>
                    </instance_geometry>
                </node>
            </node>
        </visual_scene>
    </library_visual_scenes>
    <library_geometries>
        <geometry id="ID4">
            <mesh>
                <source id="ID7">
                    <float_array id="ID15" count="699">161.8303 0 5.905512 65.35433 0 0 161.8303 0 0 65.35433 0 5.905512 65.35433 0 5.905512 161.8303 0 5.905512 65.35433 0 0 161.8303 0 0 65.35433 0 5.905512 161.8303 0 5.905512 65.35433 0 0 161.8303 0 0 161.8303 0 5.905512 65.35433 168.0481 5.905512 65.35433 0 5.905512 67.29476 261.8199 5.905512 74.1729 263.1784 5.905512 81.12162 264.111 5.905512 87.47297 264.9882 5.905512 93.74847 266.3023 5.905512 99.91808 268.0473 5.905512 105.9523 270.2147 5.905512 111.8221 272.7942 5.905512 117.4996 275.7733 5.905512 122.9575 279.1379 5.905512 128.1696 282.8719 5.905512 133.1111 286.9573 5.905512 137.7583 291.3746 5.905512 142.0889 296.1027 5.905512 146.0822 301.1189 5.905512 153.9563 301.1189 5.905512 161.8303 301.1189 5.905512 0 226.7095 5.905512 0 168.0481 5.905512 7.874016 226.7095 5.905512 12.70407 231.7913 5.905512 17.83772 236.5662 5.905512 23.25548 241.0162 5.905512 28.93683 245.1243 5.905512 34.86023 248.875 5.905512 41.00322 252.2541 5.905512 47.34251 255.2487 5.905512 53.85408 257.8476 5.905512 60.51325 260.0407 5.905512 67.29476 261.8199 5.905512 65.35433 168.0481 5.905512 60.51325 260.0407 5.905512 53.85408 257.8476 5.905512 47.34251 255.2487 5.905512 41.00322 252.2541 5.905512 34.86023 248.875 5.905512 28.93683 245.1243 5.905512 23.25548 241.0162 5.905512 17.83772 236.5662 5.905512 12.70407 231.7913 5.905512 7.874016 226.7095 5.905512 0 226.7095 5.905512 0 168.0481 5.905512 161.8303 301.1189 5.905512 161.8303 0 5.905512 153.9563 301.1189 5.905512 146.0822 301.1189 5.905512 142.0889 296.1027 5.905512 137.7583 291.3746 5.905512 133.1111 286.9573 5.905512 128.1696 282.8719 5.905512 122.9575 279.1379 5.905512 117.4996 275.7733 5.905512 111.8221 272.7942 5.905512 105.9523 270.2147 5.905512 99.91808 268.0473 5.905512 93.74847 266.3023 5.905512 87.47297 264.9882 5.905512 81.12162 264.111 5.905512 74.1729 263.1784 5.905512 65.35433 0 5.905512 161.8303 301.1189 5.905512 153.9563 301.1189 5.905512 146.0822 301.1189 5.905512 142.0889 296.1027 5.905512 137.7583 291.3746 5.905512 133.1111 286.9573 5.905512 128.1696 282.8719 5.905512 122.9575 279.1379 5.905512 117.4996 275.7733 5.905512 111.8221 272.7942 5.905512 105.9523 270.2147 5.905512 99.91808 268.0473 5.905512 93.74847 266.3023 5.905512 87.47297 264.9882 5.905512 81.12162 264.111 5.905512 74.1729 263.1784 5.905512 67.29476 261.8199 5.905512 60.51325 260.0407 5.905512 53.85408 257.8476 5.905512 47.34251 255.2487 5.905512 41.00322 252.2541 5.905512 34.86023 248.875 5.905512 28.93683 245.1243 5.905512 23.25548 241.0162 5.905512 17.83772 236.5662 5.905512 12.70407 231.7913 5.905512 7.874016 226.7095 5.905512 0 226.7095 5.905512 0 168.0481 5.905512 65.35433 168.0481 5.905512 65.35433 168.0481 5.905512 65.35433 0 0 65.35433 0 5.905512 65.35433 168.0481 0 65.35433 168.0481 0 65.35433 168.0481 5.905512 65.35433 0 0 65.35433 0 5.905512 65.35433 168.0481 0 161.8303 625.9221 0 0 168.0481 0 0 625.9221 0 65.35433 168.0481 0 65.35433 0 0 161.8303 0 0 161.8303 0 0 161.8303 625.9221 0 65.35433 0 0 65.35433 168.0481 0 0 168.0481 0 0 625.9221 0 161.8303 625.9221 0 0 168.0481 0 0 625.9221 0 161.8303 625.9221 0 161.8303 0 5.905512 161.8303 0 0 161.8303 301.1189 5.905512 161.8303 316.867 5.905512 161.8303 625.9221 5.905512 161.8303 625.9221 5.905512 161.8303 625.9221 0 161.8303 316.867 5.905512 161.8303 301.1189 5.905512 161.8303 0 5.905512 161.8303 0 0 161.8303 625.9221 5.905512 161.8303 316.867 5.905512 146.0822 316.867 5.905512 153.9563 316.867 5.905512 161.8303 316.867 5.905512 161.8303 316.867 5.905512 153.9563 316.867 5.905512 146.0822 316.867 5.905512 153.9563 316.867 5.905512 146.0822 316.867 5.905512 7.874016 316.867 5.905512 102.7752 446.7882 5.905512 102.9979 440.0307 5.905512 104.1401 433.3667 5.905512 106.1805 426.9208 5.905512 109.081 420.8134 5.905512 112.7873 415.1586 5.905512 117.2302 410.0621 5.905512 122.3266 405.6192 5.905512 127.9814 401.9129 5.905512 134.0888 399.0124 5.905512 140.5348 396.972 5.905512 147.1988 395.8298 5.905512 153.9563 395.6071 5.905512 153.9563 446.7882 5.905512 0 625.9221 5.905512 0 316.867 5.905512 161.8303 625.9221 5.905512 153.9563 446.7882 5.905512 161.8303 625.9221 5.905512 102.7752 446.7882 5.905512 7.874016 316.867 5.905512 0 625.9221 5.905512 0 316.867 5.905512 153.9563 395.6071 5.905512 147.1988 395.8298 5.905512 140.5348 396.972 5.905512 134.0888 399.0124 5.905512 127.9814 401.9129 5.905512 122.3266 405.6192 5.905512 117.2302 410.0621 5.905512 112.7873 415.1586 5.905512 109.081 420.8134 5.905512 106.1805 426.9208 5.905512 104.1401 433.3667 5.905512 102.9979 440.0307 5.905512 0 625.9221 5.905512 0 316.867 5.905512 7.874016 316.867 5.905512 153.9563 446.7882 5.905512 102.7752 446.7882 5.905512 153.9563 395.6071 5.905512 147.1988 395.8298 5.905512 140.5348 396.972 5.905512 134.0888 399.0124 5.905512 127.9814 401.9129 5.905512 122.3266 405.6192 5.905512 117.2302 410.0621 5.905512 112.7873 415.1586 5.905512 109.081 420.8134 5.905512 106.1805 426.9208 5.905512 104.1401 433.3667 5.905512 102.9979 440.0307 5.905512 0 226.7095 5.905512 0 168.0481 0 0 168.0481 5.905512 0 625.9221 0 0 316.867 5.905512 0 625.9221 5.905512 0 625.9221 5.905512 0 316.867 5.905512 0 625.9221 0 0 226.7095 5.905512 0 168.0481 0 0 168.0481 5.905512 65.35433 168.0481 5.905512 0 168.0481 0 65.35433 168.0481 0 0 168.0481 5.905512 0 168.0481 5.905512 65.35433 168.0481 5.905512 0 168.0481 0 65.35433 168.0481 0 0 625.9221 5.905512 161.8303 625.9221 0 0 625.9221 0 161.8303 625.9221 5.905512 161.8303 625.9221 5.905512 0 625.9221 5.905512 161.8303 625.9221 0 0 625.9221 0</float_array>
                    <technique_common>
                        <accessor count="233" source="#ID15" stride="3">
                            <param name="X" type="float" />
                            <param name="Y" type="float" />
                            <param name="Z" type="float" />
                        </accessor>
                    </technique_common>
                </source>
                <source id="ID8">
                    <float_array id="ID16" count="699">-0 -1 -0 -0 -1 -0 -0 -1 -0 -0 -1 -0 0 1 0 0 1 0 0 1 0 0 1 0 0 0 0 0 0 0 0 0 0 0 0 0 0 0 1 0 0 1 0 0 1 0 0 1 0 0 1 0 0 1 0 0 1 0 0 1 0 0 1 0 0 1 0 0 1 0 0 1 0 0 1 0 0 1 0 0 1 0 0 1 0 0 1 0 0 1 0 0 1 0 0 1 0 0 1 0 0 1 0 0 1 0 0 1 0 0 1 0 0 1 0 0 1 0 0 1 0 0 1 0 0 1 0 0 1 0 0 1 -0 -0 -1 -0 -0 -1 -0 -0 -1 -0 -0 -1 -0 -0 -1 -0 -0 -1 -0 -0 -1 -0 -0 -1 -0 -0 -1 -0 -0 -1 -0 -0 -1 -0 -0 -1 -0 -0 -1 -0 -0 -1 -0 -0 -1 -0 -0 -1 -0 -0 -1 -0 -0 -1 -0 -0 -1 -0 -0 -1 -0 -0 -1 -0 -0 -1 -0 -0 -1 -0 -0 -1 -0 -0 -1 -0 -0 -1 -0 -0 -1 -0 -0 -1 -0 -0 -1 -0 -0 -1 -0 -0 -1 -0 -0 -1 0 0 0 0 0 0 0 0 0 0 0 0 0 0 0 0 0 0 0 0 0 0 0 0 0 0 0 0 0 0 0 0 0 0 0 0 0 0 0 0 0 0 0 0 0 0 0 0 0 0 0 0 0 0 0 0 0 0 0 0 0 0 0 0 0 0 0 0 0 0 0 0 0 0 0 0 0 0 0 0 0 0 0 0 0 0 0 0 0 0 -1 0 0 -1 0 0 -1 0 0 -1 0 0 1 -0 -0 1 -0 -0 1 -0 -0 1 -0 -0 0 0 0 0 0 -1 0 0 -1 0 0 -1 0 0 -1 0 0 -1 0 0 -1 -0 -0 1 -0 -0 1 -0 -0 1 -0 -0 1 -0 -0 1 -0 -0 1 0 0 0 0 0 0 0 0 0 1 0 0 1 0 0 1 0 0 1 0 0 1 0 0 1 0 0 -1 -0 -0 -1 -0 -0 -1 -0 -0 -1 -0 -0 -1 -0 -0 -1 -0 -0 0 0 0 0 0 0 0 0 1 0 0 1 0 0 1 -0 -0 -1 -0 -0 -1 -0 -0 -1 0 0 0 0 0 0 0 0 1 0 0 1 0 0 1 0 0 1 0 0 1 0 0 1 0 0 1 0 0 1 0 0 1 0 0 1 0 0 1 0 0 1 0 0 1 0 0 1 0 0 1 0 0 1 0 0 1 0 0 1 -0 -0 -1 -0 -0 -1 -0 -0 -1 -0 -0 -1 -0 -0 -1 -0 -0 -1 -0 -0 -1 -0 -0 -1 -0 -0 -1 -0 -0 -1 -0 -0 -1 -0 -0 -1 -0 -0 -1 -0 -0 -1 -0 -0 -1 -0 -0 -1 -0 -0 -1 -0 -0 -1 0 0 0 0 0 0 0 0 0 0 0 0 0 0 0 0 0 0 0 0 0 0 0 0 0 0 0 0 0 0 0 0 0 0 0 0 0 0 0 0 0 0 0 0 0 0 0 0 0 0 0 -1 0 0 -1 0 0 -1 0 0 -1 0 0 -1 0 0 -1 0 0 1 -0 -0 1 -0 -0 1 -0 -0 1 -0 -0 1 -0 -0 1 -0 -0 -0 -1 -0 -0 -1 -0 -0 -1 -0 -0 -1 -0 0 1 0 0 1 0 0 1 0 0 1 0 0 1 0 0 1 0 0 1 0 0 1 0 -0 -1 -0 -0 -1 -0 -0 -1 -0 -0 -1 -0</float_array>
                    <technique_common>
                        <accessor count="233" source="#ID16" stride="3">
                            <param name="X" type="float" />
                            <param name="Y" type="float" />
                            <param name="Z" type="float" />
                        </accessor>
                    </technique_common>
                </source>
                <source id="ID9">
                    <Name_array id="ID17" count="0" />
                    <technique_common>
                        <accessor count="0" source="#ID17" stride="1">
                            <param name="skp_material" type="Name" />
                        </accessor>
                    </technique_common>
                </source>
                <vertices id="ID10">
                    <input semantic="POSITION" source="#ID7" />
                    <input semantic="NORMAL" source="#ID8" />
                </vertices>
                <triangles count="102" material="Material2">
                    <input offset="0" semantic="VERTEX" source="#ID10" />
                    <p>0 1 2 1 0 3 12 13 14 13 12 15 15 12 16 16 12 17 17 12 18 18 12 19 19 12 20 20 12 21 21 12 22 22 12 23 23 12 24 24 12 25 25 12 26 26 12 27 27 12 28 28 12 29 29 12 30 30 12 31 13 32 33 32 13 34 34 13 35 35 13 36 36 13 37 37 13 38 38 13 39 39 13 40 40 13 41 41 13 42 42 13 43 43 13 15 106 107 108 107 106 109 115 116 117 116 115 118 118 115 119 119 115 120 130 131 132 131 130 133 133 130 134 134 130 135 30 144 29 144 30 145 145 30 31 145 31 146 35 152 34 21 153 20 153 21 154 154 21 155 155 21 156 156 21 22 156 22 157 157 22 158 158 22 23 158 23 159 159 23 160 160 23 24 160 24 161 161 24 25 161 25 162 162 25 26 162 26 27 162 27 163 163 27 28 163 28 164 164 28 144 144 28 29 164 144 145 164 145 165 165 145 146 165 146 166 152 167 168 167 152 169 169 152 35 169 35 36 169 36 37 169 37 38 169 38 39 169 39 153 153 39 40 153 40 41 153 41 42 153 42 43 153 43 15 153 15 16 153 16 17 153 17 18 153 18 19 153 19 20 169 153 166 169 166 146 34 168 32 168 34 152 205 206 207 206 205 208 208 205 209 208 209 210 217 218 219 218 217 220 225 226 227 226 225 228</p>
                </triangles>
                <triangles count="102" material="Material3">
                    <input offset="0" semantic="VERTEX" source="#ID10" />
                    <p>4 5 6 7 6 5 44 45 46 46 45 47 47 45 48 48 45 49 49 45 50 50 45 51 51 45 52 52 45 53 53 45 54 54 45 55 55 45 56 57 56 45 58 59 60 60 59 61 61 59 62 62 59 63 63 59 64 64 59 65 65 59 66 66 59 67 67 59 68 68 59 69 69 59 70 70 59 71 71 59 72 72 59 73 73 59 74 74 59 44 44 59 45 75 45 59 110 111 112 113 112 111 121 122 123 123 122 124 124 122 125 126 125 122 136 137 138 138 137 139 139 137 140 141 140 137 147 58 148 58 60 148 148 60 149 61 149 60 147 170 171 170 172 171 70 71 172 71 72 172 72 73 172 73 74 172 74 44 172 44 46 172 46 47 172 47 48 172 48 49 172 49 50 172 172 50 171 50 51 171 51 52 171 52 53 171 53 54 171 54 173 171 171 173 174 175 174 173 170 147 176 147 148 176 176 148 177 148 149 177 61 62 149 149 62 177 177 62 178 62 63 178 178 63 179 63 64 179 64 65 179 179 65 180 65 66 180 180 66 181 66 67 181 181 67 182 182 67 183 67 68 183 183 68 184 184 68 185 68 69 185 185 69 186 186 69 187 187 69 172 70 172 69 55 173 54 173 55 175 56 175 55 211 212 213 212 214 213 213 214 215 216 215 214 221 222 223 224 223 222 229 230 231 232 231 230</p>
                </triangles>
                <lines count="68" material="Material4">
                    <input offset="0" semantic="VERTEX" source="#ID10" />
                    <p>8 9 8 10 10 11 9 11 9 76 77 76 78 77 78 79 79 80 80 81 81 82 82 83 83 84 84 85 85 86 86 87 87 88 88 89 89 90 90 91 91 92 92 93 93 94 94 95 95 96 96 97 97 98 98 99 99 100 100 101 101 102 102 103 103 104 104 105 105 8 105 114 114 10 11 127 128 114 129 128 127 129 142 127 143 142 76 143 150 143 151 150 78 151 188 189 190 189 190 102 142 188 191 192 191 193 194 193 195 194 196 195 197 196 198 197 199 198 200 199 201 200 202 201 203 202 204 203 192 204 189 103 188 129 104 128</p>
                </lines>
            </mesh>
        </geometry>
        <geometry id="ID19">
            <mesh>
                <source id="ID20">
                    <float_array id="ID24" count="2706">3.937008 92.51969 0 0 82.67717 -3.552714e-15 0 92.51969 0 0 0 0 3.937008 0 0 3.937008 0 0 3.937008 92.51969 0 0 0 0 0 82.67717 -3.552714e-15 0 92.51969 0 3.937008 0 0 3.937008 92.51969 0 0 0 0 0 82.67717 -3.552714e-15 0 92.51969 0 3.937008 0 0 3.937008 -3.937008 98.4252 3.937008 -3.937008 0 3.937008 92.51969 98.4252 3.937008 92.51969 0 3.937008 92.51969 0 3.937008 0 0 3.937008 92.51969 98.4252 3.937008 -3.937008 98.4252 3.937008 -3.937008 0 3.937008 -3.937008 98.4252 3.937008 92.51969 98.4252 3.937008 -3.937008 0 0 0 0 -31.49606 -3.937008 0 -31.49606 0 0 -27.55906 -3.937008 0 0 -3.937008 0 3.937008 0 0 0 -7.874016 0 3.937008 -7.874016 0 3.937008 -3.937008 0 3.937008 -3.937008 0 3.937008 0 0 3.937008 -7.874016 0 0 -7.874016 0 0 -3.937008 0 0 0 0 -27.55906 -3.937008 0 -31.49606 -3.937008 0 -31.49606 0 0 -31.49606 -3.937008 0 -31.49606 0 0 3.937008 -7.874016 0 0 -7.874016 0 0 -3.937008 0 -27.55906 -3.937008 0 -1.421085e-14 76.77165 98.4252 0 0 0 0 0 98.4252 0 76.77165 55.11811 0 82.67717 -3.552714e-15 0 82.67717 55.11811 0 82.67717 39.37008 0 82.67717 39.37008 0 82.67717 55.11811 0 82.67717 -3.552714e-15 0 76.77165 55.11811 0 0 0 -1.421085e-14 76.77165 98.4252 0 0 98.4252 0 76.77165 55.11811 -1.421085e-14 76.77165 98.4252 0 82.67717 55.11811 0 82.67717 39.37008 0 0 98.4252 0 92.51969 0 -15.74803 82.67717 -7.105427e-15 -15.74803 92.51969 -3.552714e-15 0 82.67717 -3.552714e-15 0 82.67717 -3.552714e-15 0 92.51969 0 -15.74803 82.67717 -7.105427e-15 -15.74803 92.51969 -3.552714e-15 -15.74803 82.67717 -7.105427e-15 -15.74803 92.51969 -3.552714e-15 -15.74803 92.51969 98.4252 0 92.51969 0 -15.74803 92.51969 -3.552714e-15 3.937008 92.51969 0 3.937008 92.51969 98.4252 3.937008 92.51969 98.4252 -15.74803 92.51969 98.4252 3.937008 92.51969 0 0 92.51969 0 -15.74803 92.51969 -3.552714e-15 -15.74803 92.51969 98.4252 0 -41.33858 98.4252 -31.49606 -37.40157 98.4252 -31.49606 -41.33858 98.4252 -27.55906 -37.40157 98.4252 -31.49606 -3.937008 98.4252 -31.49606 0 98.4252 0 -37.40157 98.4252 3.937008 -41.33858 98.4252 0 -33.46457 98.4252 3.937008 -33.46457 98.4252 -27.55906 -3.937008 98.4252 0 0 98.4252 0 -3.937008 98.4252 3.937008 -3.937008 98.4252 -1.421085e-14 76.77165 98.4252 -15.74803 92.51969 98.4252 -15.74803 76.77165 98.4252 3.937008 92.51969 98.4252 3.937008 -3.937008 98.4252 0 0 98.4252 3.937008 92.51969 98.4252 -1.421085e-14 76.77165 98.4252 -15.74803 92.51969 98.4252 -15.74803 76.77165 98.4252 0 -3.937008 98.4252 -27.55906 -3.937008 98.4252 -27.55906 -37.40157 98.4252 -31.49606 0 98.4252 3.937008 -33.46457 98.4252 3.937008 -41.33858 98.4252 0 -33.46457 98.4252 0 -37.40157 98.4252 0 -41.33858 98.4252 -31.49606 -3.937008 98.4252 -31.49606 -37.40157 98.4252 -31.49606 -41.33858 98.4252 -31.49606 -3.937008 98.4252 -31.49606 0 98.4252 -31.49606 -37.40157 98.4252 -31.49606 -41.33858 98.4252 0 -41.33858 98.4252 3.937008 -41.33858 98.4252 3.937008 -33.46457 98.4252 0 -33.46457 98.4252 0 -37.40157 98.4252 -27.55906 -37.40157 98.4252 -27.55906 -3.937008 98.4252 0 -3.937008 98.4252 -15.74803 76.77165 98.4252 3.937008 -7.874016 98.4252 3.937008 -7.874016 0 3.937008 -7.874016 98.4252 3.937008 -7.874016 0 3.937008 -7.874016 98.4252 -31.49606 0 0 -31.49606 -3.937008 98.4252 -31.49606 -3.937008 0 -31.49606 0 98.4252 -31.49606 0 98.4252 -31.49606 0 0 -31.49606 -3.937008 98.4252 -31.49606 -3.937008 0 -31.49606 0 98.4252 0 0 0 -31.49606 0 0 0 0 98.4252 0 0 98.4252 -31.49606 0 98.4252 0 0 0 -31.49606 0 0 3.937008 -7.874016 98.4252 0 -7.874016 0 3.937008 -7.874016 0 0 -7.874016 98.4252 0 -7.874016 98.4252 3.937008 -7.874016 98.4252 0 -7.874016 0 3.937008 -7.874016 0 0 -7.874016 98.4252 0 -3.937008 98.4252 0 -7.874016 0 0 -7.874016 98.4252 0 -3.937008 0 0 -3.937008 0 0 -3.937008 98.4252 0 -7.874016 0 0 -7.874016 98.4252 0 -3.937008 98.4252 -27.55906 -3.937008 0 0 -3.937008 0 -27.55906 -3.937008 98.4252 -27.55906 -3.937008 98.4252 0 -3.937008 98.4252 -27.55906 -3.937008 0 0 -3.937008 0 -31.49606 -37.40157 0 -27.55906 -37.40157 0 -27.55906 -37.40157 0 -31.49606 -37.40157 0 -27.55906 -37.40157 0 -31.49606 -37.40157 0 0 76.77165 55.11811 -15.74803 76.77165 98.4252 -15.74803 76.77165 55.11811 -1.421085e-14 76.77165 98.4252 -1.421085e-14 76.77165 98.4252 0 76.77165 55.11811 -15.74803 76.77165 98.4252 -15.74803 76.77165 55.11811 -15.74803 76.77165 55.11811 0 82.67717 55.11811 -15.74803 76.77165 55.11811 -15.74803 82.67717 55.11811 0 76.77165 55.11811 0 76.77165 55.11811 0 82.67717 55.11811 -15.74803 76.77165 55.11811 -15.74803 82.67717 55.11811 -15.74803 82.67717 55.11811 0 82.67717 -3.552714e-15 -15.74803 82.67717 55.11811 -15.74803 82.67717 -7.105427e-15 0 82.67717 39.37008 0 82.67717 55.11811 0 82.67717 55.11811 0 82.67717 39.37008 -15.74803 82.67717 55.11811 0 82.67717 -3.552714e-15 -15.74803 82.67717 -7.105427e-15 -15.74803 92.51969 98.4252 -15.74803 76.77165 55.11811 -15.74803 76.77165 98.4252 -15.74803 82.67717 55.11811 -15.74803 82.67717 -7.105427e-15 -15.74803 92.51969 -3.552714e-15 -15.74803 92.51969 -3.552714e-15 -15.74803 92.51969 98.4252 -15.74803 82.67717 -7.105427e-15 -15.74803 82.67717 55.11811 -15.74803 76.77165 55.11811 -15.74803 76.77165 98.4252 -31.49606 -37.40157 98.4252 -31.49606 -37.40157 0 -31.49606 -37.40157 98.4252 -31.49606 -37.40157 0 -31.49606 -41.33858 98.4252 -31.49606 -41.33858 0 -31.49606 -41.33858 98.4252 -31.49606 -41.33858 0 -31.49606 -41.33858 0 -43.30709 -41.33858 98.4252 -62.99213 -37.40157 98.4252 -62.99213 -41.33858 98.4252 -31.49606 -37.40157 98.4252 -31.49606 -41.33858 98.4252 -31.49606 -41.33858 98.4252 -43.30709 -41.33858 98.4252 -31.49606 -37.40157 98.4252 -62.99213 -37.40157 98.4252 -62.99213 -41.33858 98.4252 -62.99213 -37.40157 98.4252 -62.99213 -41.33858 98.4252 -43.30709 -41.33858 98.4252 0 -41.33858 98.4252 -31.49606 -41.33858 0 0 -41.33858 0 -31.49606 -41.33858 98.4252 -31.49606 -41.33858 98.4252 0 -41.33858 98.4252 -31.49606 -41.33858 0 0 -41.33858 0 0 -41.33858 0 3.937008 -41.33858 98.4252 0 -41.33858 0 3.937008 -41.33858 0 0 -41.33858 98.4252 0 -41.33858 98.4252 3.937008 -41.33858 98.4252 0 -41.33858 0 3.937008 -41.33858 0 3.937008 -41.33858 0 3.937008 -33.46457 0 3.937008 -41.33858 98.4252 3.937008 -41.33858 0 3.937008 -33.46457 98.4252 3.937008 -33.46457 98.4252 3.937008 -33.46457 0 3.937008 -41.33858 98.4252 3.937008 -41.33858 0 3.937008 -33.46457 0 0 -33.46457 98.4252 3.937008 -33.46457 0 0 -33.46457 0 3.937008 -33.46457 98.4252 3.937008 -33.46457 98.4252 0 -33.46457 98.4252 3.937008 -33.46457 0 0 -33.46457 0 0 -33.46457 0 0 -33.46457 98.4252 0 -37.40157 0 0 -37.40157 98.4252 0 -33.46457 0 0 -33.46457 0 0 -33.46457 98.4252 0 -37.40157 0 0 -37.40157 98.4252 0 -37.40157 0 -27.55906 -37.40157 98.4252 0 -37.40157 0 -27.55906 -37.40157 0 0 -37.40157 98.4252 0 -37.40157 98.4252 -27.55906 -37.40157 98.4252 0 -37.40157 0 -27.55906 -37.40157 0 -27.55906 -3.937008 0 -27.55906 -37.40157 98.4252 -27.55906 -37.40157 0 -27.55906 -3.937008 98.4252 -27.55906 -3.937008 98.4252 -27.55906 -3.937008 0 -27.55906 -37.40157 98.4252 -27.55906 -37.40157 0 3.937008 -7.874016 98.4252 0 -3.937008 98.4252 0 -7.874016 98.4252 3.937008 -3.937008 98.4252 3.937008 -3.937008 98.4252 3.937008 -7.874016 98.4252 0 -3.937008 98.4252 0 -7.874016 98.4252 3.937008 -33.46457 0 0 -37.40157 0 0 -33.46457 0 0 -41.33858 0 3.937008 -41.33858 0 -31.49606 -41.33858 0 0 -37.40157 0 0 -41.33858 0 -31.49606 -41.33858 0 3.937008 -41.33858 0 3.937008 -33.46457 0 0 -33.46457 0 -62.99213 -37.40157 98.4252 -31.49606 -37.40157 0 -62.99213 -37.40157 0 -31.49606 -37.40157 98.4252 -31.49606 -37.40157 98.4252 -62.99213 -37.40157 98.4252 -31.49606 -37.40157 0 -62.99213 -37.40157 0 -62.99213 -37.40157 0 -62.99213 -41.33858 0 -62.99213 -41.33858 59.05512 -62.99213 -41.33858 98.4252 -43.30709 -41.33858 98.4252 -43.30709 -41.33858 98.4252 -62.99213 -41.33858 98.4252 -62.99213 -41.33858 59.05512 -62.99213 -41.33858 0 -62.99213 -41.33858 59.05512 -62.99213 -41.33858 0 -62.99213 -41.33858 0 -62.99213 -37.40157 0 -62.99213 -41.33858 0 -62.99213 -37.40157 0 -62.99213 -37.40157 98.4252 -62.99213 -41.33858 59.05512 -62.99213 -41.33858 98.4252 -62.99213 -41.33858 0 -62.99213 -37.40157 0 -62.99213 -37.40157 0 -62.99213 -37.40157 98.4252 -62.99213 -41.33858 0 -62.99213 -41.33858 59.05512 -62.99213 -41.33858 98.4252 -66.92913 -37.40157 98.4252 -66.92913 -41.33858 98.4252 -66.92913 -37.40157 98.4252 -66.92913 -41.33858 98.4252 -66.92913 -37.40157 98.4252 -66.92913 -41.33858 98.4252 -66.92913 -37.40157 82.67717 -66.92913 -37.40157 0 -66.92913 -37.40157 98.4252 -66.92913 -37.40157 98.4252 -66.92913 -37.40157 82.67717 -66.92913 -37.40157 0 -66.92913 -37.40157 0 -66.92913 -37.40157 82.67717 -66.92913 -41.33858 59.05512 -66.92913 -41.33858 82.67717 -66.92913 -41.33858 86.05174 -66.92913 -41.33858 98.4252 -66.92913 -41.33858 98.4252 -66.92913 -41.33858 86.05174 -66.92913 -41.33858 82.67717 -66.92913 -41.33858 59.05512 -66.92913 -41.33858 86.05174 -66.92913 -41.33858 82.67717 -66.92913 -41.33858 59.05512 -66.92913 -41.33858 0 -66.92913 -41.33858 0 -66.92913 -41.33858 0 -66.92913 -41.33858 0 -66.92913 -37.40157 0 -66.92913 -41.33858 0 -66.92913 -37.40157 0 -82.67717 -41.33858 98.4252 -104.3307 -37.40157 98.4252 -104.3307 -41.33858 98.4252 -82.67717 -37.40157 98.4252 -76.55293 -41.33858 98.4252 -76.55293 -41.33858 98.4252 -82.67717 -37.40157 98.4252 -82.67717 -41.33858 98.4252 -104.3307 -37.40157 98.4252 -104.3307 -41.33858 98.4252 -104.3307 -41.33858 98.4252 -82.67717 -41.33858 98.4252 -76.55293 -41.33858 98.4252 -82.67717 -37.40157 98.4252 -104.3307 -37.40157 98.4252 -66.92913 -37.40157 98.4252 -66.92913 -41.33858 86.05174 -66.92913 -41.33858 98.4252 -66.92913 -41.33858 82.67717 -66.92913 -37.40157 82.67717 -66.92913 -37.40157 82.67717 -66.92913 -37.40157 98.4252 -66.92913 -41.33858 82.67717 -66.92913 -41.33858 86.05174 -66.92913 -41.33858 98.4252 -66.92913 -41.33858 59.05512 -66.92913 -41.33858 0 -66.92913 -37.40157 0 -66.92913 -37.40157 0 -66.92913 -41.33858 0 -66.92913 -41.33858 59.05512 -82.67717 -37.40157 92.51969 -82.67717 -37.40157 98.4252 -82.67717 -37.40157 98.4252 -82.67717 -37.40157 92.51969 -82.67717 -37.40157 92.51969 -76.55293 -41.33858 98.4252 -76.55293 -41.33858 98.4252 -66.92913 -78.74016 82.67717 -66.92913 -78.74016 86.05174 -66.92913 -78.74016 82.67717 -66.92913 -78.74016 86.05174 -66.92913 -78.74016 82.67717 -66.92913 -78.74016 86.05174 -66.92913 -41.33858 86.05174 -82.67717 -41.33858 92.51969 -66.92913 -41.33858 82.67717 -76.55293 -41.33858 98.4252 -82.67717 -41.33858 98.4252 -82.67717 -41.33858 98.4252 -76.55293 -41.33858 98.4252 -82.67717 -41.33858 92.51969 -66.92913 -41.33858 86.05174 -66.92913 -41.33858 82.67717 -82.67717 -41.33858 92.51969 -66.92913 -78.74016 59.05512 -66.92913 -78.74016 59.05512 -66.92913 -78.74016 59.05512 -62.99213 -41.33858 59.05512 -66.92913 -78.74016 59.05512 -66.92913 -41.33858 59.05512 -62.99213 -78.74016 59.05512 -62.99213 -78.74016 59.05512 -62.99213 -41.33858 59.05512 -66.92913 -78.74016 59.05512 -66.92913 -41.33858 59.05512 -62.99213 -78.74016 59.05512 -82.67717 -41.33858 92.51969 -104.3307 -41.33858 98.4252 -104.3307 -41.33858 92.51969 -82.67717 -41.33858 98.4252 -82.67717 -41.33858 98.4252 -82.67717 -41.33858 92.51969 -104.3307 -41.33858 98.4252 -104.3307 -41.33858 92.51969 -104.3307 -41.33858 92.51969 -100.3937 -78.74016 98.4252 -104.3307 -78.74016 98.4252 -82.67717 -78.74016 98.4252 -82.67717 -78.74016 98.4252 -100.3937 -78.74016 98.4252 -104.3307 -78.74016 98.4252 -82.67717 -78.74016 98.4252 -104.3307 -78.74016 98.4252 -100.3937 -78.74016 98.4252 -82.67717 -41.33858 106.2992 -82.67717 -41.33858 98.4252 -76.55293 -41.33858 98.4252 -76.55293 -41.33858 98.4252 -82.67717 -41.33858 98.4252 -82.67717 -41.33858 106.2992 -82.67717 -41.33858 106.2992 -76.55293 -78.74016 98.4252 -76.55293 -78.74016 98.4252 -76.55293 -78.74016 98.4252 -104.3307 -37.40157 98.4252 -104.3307 -37.40157 92.51969 -104.3307 -37.40157 98.4252 -104.3307 -37.40157 92.51969 -104.3307 -37.40157 92.51969 -104.3307 -37.40157 98.4252 -104.3307 -41.33858 92.51969 -104.3307 -41.33858 98.4252 -104.3307 -37.40157 92.51969 -104.3307 -37.40157 92.51969 -104.3307 -37.40157 98.4252 -104.3307 -41.33858 92.51969 -104.3307 -41.33858 98.4252 -66.92913 -37.40157 82.67717 -82.67717 -41.33858 92.51969 -82.67717 -37.40157 92.51969 -66.92913 -41.33858 82.67717 -66.92913 -41.33858 82.67717 -66.92913 -37.40157 82.67717 -82.67717 -41.33858 92.51969 -82.67717 -37.40157 92.51969 -76.55293 -41.33858 98.4252 -71.95976 -78.74016 92.51969 -76.55293 -78.74016 98.4252 -66.92913 -78.74016 86.05174 -66.92913 -41.33858 86.05174 -66.92913 -41.33858 86.05174 -76.55293 -41.33858 98.4252 -66.92913 -78.74016 86.05174 -71.95976 -78.74016 92.51969 -76.55293 -78.74016 98.4252 -71.95976 -78.74016 92.51969 -66.92913 -41.33858 82.67717 -82.67717 -78.74016 92.51969 -82.67717 -41.33858 92.51969 -66.92913 -78.74016 82.67717 -66.92913 -78.74016 82.67717 -66.92913 -41.33858 82.67717 -82.67717 -78.74016 92.51969 -82.67717 -41.33858 92.51969 -82.67717 -78.74016 92.51969 -66.92913 -78.74016 82.67717 -62.99213 -78.74016 59.05512 -66.92913 -78.74016 59.05512 -62.99213 -78.74016 98.4252 -66.92913 -78.74016 86.05174 -66.92913 -78.74016 92.51969 -66.92913 -78.74016 98.4252 -66.92913 -78.74016 98.4252 -66.92913 -78.74016 92.51969 -62.99213 -78.74016 98.4252 -66.92913 -78.74016 86.05174 -66.92913 -78.74016 82.67717 -62.99213 -78.74016 59.05512 -66.92913 -78.74016 59.05512 -66.92913 -78.74016 98.4252 -62.99213 -78.74016 98.4252 -66.92913 -78.74016 92.51969 -66.92913 -78.74016 98.4252 -66.92913 -82.67717 82.67717 -66.92913 -82.67717 98.4252 -66.92913 -78.74016 92.51969 -66.92913 -78.74016 92.51969 -66.92913 -78.74016 98.4252 -66.92913 -82.67717 82.67717 -66.92913 -82.67717 98.4252 -66.92913 -82.67717 82.67717 -66.92913 -82.67717 98.4252 -82.67717 -78.74016 92.51969 -66.92913 -78.74016 86.05174 -66.92913 -78.74016 82.67717 -71.95976 -78.74016 92.51969 -71.95976 -78.74016 92.51969 -82.67717 -78.74016 92.51969 -66.92913 -78.74016 86.05174 -66.92913 -78.74016 82.67717 -66.92913 -82.67717 0 -66.92913 -78.74016 0 -66.92913 -78.74016 0 -66.92913 -82.67717 0 -66.92913 -82.67717 0 -66.92913 -78.74016 0 -62.99213 -78.74016 0 -66.92913 -78.74016 0 -62.99213 -78.74016 0 -66.92913 -78.74016 0 -62.99213 -78.74016 0 -104.3307 -78.74016 92.51969 -104.3307 -78.74016 98.4252 -104.3307 -78.74016 92.51969 -104.3307 -78.74016 98.4252 -104.3307 -78.74016 92.51969 -82.67717 -41.33858 92.51969 -104.3307 -78.74016 92.51969 -104.3307 -41.33858 92.51969 -100.3937 -78.74016 92.51969 -82.67717 -78.74016 92.51969 -82.67717 -78.74016 92.51969 -82.67717 -41.33858 92.51969 -100.3937 -78.74016 92.51969 -104.3307 -78.74016 92.51969 -104.3307 -41.33858 92.51969 -100.3937 -78.74016 92.51969 -82.67717 -37.40157 92.51969 -104.3307 -41.33858 92.51969 -104.3307 -37.40157 92.51969 -82.67717 -41.33858 92.51969 -82.67717 -41.33858 92.51969 -82.67717 -37.40157 92.51969 -104.3307 -41.33858 92.51969 -104.3307 -37.40157 92.51969 -82.67717 -41.33858 98.4252 -82.67717 -78.74016 106.2992 -82.67717 -78.74016 98.4252 -82.67717 -41.33858 106.2992 -82.67717 -41.33858 106.2992 -82.67717 -41.33858 98.4252 -82.67717 -78.74016 106.2992 -82.67717 -78.74016 98.4252 -82.67717 -78.74016 106.2992 -100.3937 -82.67717 98.4252 -104.3307 -82.67717 98.4252 -100.3937 -82.67717 98.4252 -104.3307 -82.67717 98.4252 -104.3307 -82.67717 98.4252 -100.3937 -82.67717 98.4252 -104.3307 -78.74016 98.4252 -100.3937 -78.74016 92.51969 -104.3307 -78.74016 92.51969 -100.3937 -78.74016 98.4252 -100.3937 -78.74016 98.4252 -104.3307 -78.74016 98.4252 -100.3937 -78.74016 92.51969 -104.3307 -78.74016 92.51969 -66.92913 -82.67717 98.4252 -66.92913 -78.74016 98.4252 -66.92913 -78.74016 98.4252 -66.92913 -82.67717 98.4252 -100.3937 -78.74016 98.4252 -82.67717 -78.74016 92.51969 -100.3937 -78.74016 92.51969 -71.95976 -78.74016 92.51969 -76.55293 -78.74016 98.4252 -82.67717 -78.74016 98.4252 -82.67717 -78.74016 98.4252 -100.3937 -78.74016 98.4252 -76.55293 -78.74016 98.4252 -71.95976 -78.74016 92.51969 -82.67717 -78.74016 92.51969 -100.3937 -78.74016 92.51969 -82.67717 -41.33858 106.2992 -76.55293 -78.74016 98.4252 -82.67717 -78.74016 106.2992 -76.55293 -41.33858 98.4252 -76.55293 -41.33858 98.4252 -82.67717 -41.33858 106.2992 -76.55293 -78.74016 98.4252 -82.67717 -78.74016 106.2992 -82.67717 -78.74016 106.2992 -76.55293 -78.74016 98.4252 -82.67717 -78.74016 98.4252 -82.67717 -78.74016 98.4252 -76.55293 -78.74016 98.4252 -82.67717 -78.74016 106.2992 -71.95976 -78.74016 92.51969 -71.95976 -78.74016 92.51969 -100.3937 -78.74016 92.51969 -66.92913 -78.74016 82.67717 -100.3937 -78.74016 82.67717 -82.67717 -78.74016 92.51969 -82.67717 -78.74016 92.51969 -100.3937 -78.74016 92.51969 -66.92913 -78.74016 82.67717 -100.3937 -78.74016 82.67717 -100.3937 -78.74016 82.67717 -62.99213 -82.67717 98.4252 -62.99213 -78.74016 98.4252 -62.99213 -78.74016 98.4252 -62.99213 -82.67717 98.4252 -62.99213 -82.67717 98.4252 0 -78.74016 0 0 -78.74016 98.4252 0 -78.74016 98.4252 0 -78.74016 0 0 -78.74016 0 0 -78.74016 98.4252 -62.99213 -78.74016 98.4252 -62.99213 -82.67717 0 -62.99213 -82.67717 98.4252 -62.99213 -78.74016 0 -62.99213 -78.74016 59.05512 -62.99213 -78.74016 59.05512 -62.99213 -78.74016 98.4252 -62.99213 -78.74016 0 -62.99213 -82.67717 0 -62.99213 -82.67717 98.4252 -62.99213 -82.67717 0 -66.92913 -78.74016 82.67717 -100.3937 -82.67717 82.67717 -100.3937 -78.74016 82.67717 -66.92913 -82.67717 82.67717 -66.92913 -82.67717 82.67717 -66.92913 -78.74016 82.67717 -100.3937 -82.67717 82.67717 -100.3937 -78.74016 82.67717 -100.3937 -82.67717 82.67717 -62.99213 -82.67717 98.4252 -66.92913 -82.67717 0 -62.99213 -82.67717 0 -66.92913 -82.67717 82.67717 -66.92913 -82.67717 98.4252 -66.92913 -82.67717 98.4252 -62.99213 -82.67717 98.4252 -66.92913 -82.67717 82.67717 -66.92913 -82.67717 0 -62.99213 -82.67717 0 -100.3937 -82.67717 82.67717 -100.3937 -82.67717 98.4252 -100.3937 -82.67717 98.4252 -100.3937 -82.67717 82.67717 -62.99213 -78.74016 0 -66.92913 -82.67717 0 -66.92913 -78.74016 0 -62.99213 -82.67717 0 -62.99213 -82.67717 0 -62.99213 -78.74016 0 -66.92913 -82.67717 0 -66.92913 -78.74016 0 -104.3307 -82.67717 0 -104.3307 -82.67717 98.4252 -104.3307 -78.74016 0 -104.3307 -78.74016 0 -104.3307 -82.67717 0 -104.3307 -82.67717 98.4252 -104.3307 -78.74016 0 -104.3307 -82.67717 0 -104.3307 -78.74016 92.51969 -100.3937 -78.74016 0 -104.3307 -78.74016 0 -100.3937 -78.74016 82.67717 -100.3937 -78.74016 92.51969 -100.3937 -78.74016 92.51969 -104.3307 -78.74016 92.51969 -100.3937 -78.74016 82.67717 -100.3937 -78.74016 0 -104.3307 -78.74016 0 -100.3937 -78.74016 0 -104.3307 -82.67717 0 -100.3937 -82.67717 0 -104.3307 -82.67717 98.4252 -104.3307 -82.67717 98.4252 -104.3307 -82.67717 0 -100.3937 -82.67717 0 -100.3937 -82.67717 0 -100.3937 -78.74016 82.67717 -100.3937 -82.67717 98.4252 -100.3937 -82.67717 82.67717 -100.3937 -78.74016 98.4252 -100.3937 -78.74016 92.51969 -100.3937 -78.74016 92.51969 -100.3937 -78.74016 82.67717 -100.3937 -78.74016 98.4252 -100.3937 -82.67717 98.4252 -100.3937 -82.67717 82.67717 0 -82.67717 98.4252 0 -78.74016 98.4252 0 -78.74016 98.4252 0 -82.67717 98.4252 0 -82.67717 98.4252 0 -78.74016 98.4252 0 -82.67717 0 0 -82.67717 98.4252 0 -78.74016 0 0 -78.74016 0 0 -78.74016 98.4252 0 -82.67717 0 0 -82.67717 98.4252 0 -82.67717 0 3.937008 -78.74016 0 6.299213 -78.74016 0 6.299213 -78.74016 82.67717 37.81453 -78.74016 82.67717 37.81453 -78.74016 98.4252 37.81453 -78.74016 98.4252 37.81453 -78.74016 82.67717 6.299213 -78.74016 82.67717 6.299213 -78.74016 0 3.937008 -78.74016 0 6.299213 -78.74016 82.67717 37.81453 -78.74016 82.67717 6.299213 -78.74016 0 3.937008 -78.74016 0 37.81453 -78.74016 98.4252 0 -78.74016 0 0 -82.67717 0 0 -82.67717 0 0 -78.74016 0 0 -82.67717 98.4252 0 -82.67717 0 0 -82.67717 98.4252 0 -82.67717 0 -100.3937 -78.74016 0 -100.3937 -82.67717 82.67717 -100.3937 -82.67717 0 -100.3937 -78.74016 82.67717 -100.3937 -78.74016 82.67717 -100.3937 -78.74016 0 -100.3937 -82.67717 82.67717 -100.3937 -82.67717 0 -100.3937 -78.74016 0 -104.3307 -82.67717 0 -104.3307 -78.74016 0 -100.3937 -82.67717 0 -100.3937 -82.67717 0 -100.3937 -78.74016 0 -104.3307 -82.67717 0 -104.3307 -78.74016 0 37.81453 -82.67717 98.4252 37.81453 -78.74016 98.4252 37.81453 -78.74016 98.4252 37.81453 -82.67717 98.4252 37.81453 -82.67717 98.4252 3.937008 -78.74016 0 3.937008 -82.67717 0 3.937008 -82.67717 0 3.937008 -78.74016 0 3.937008 -82.67717 0 37.81453 -82.67717 98.4252 6.299213 -82.67717 82.67717 37.81453 -82.67717 82.67717 3.937008 -82.67717 0 6.299213 -82.67717 0 37.81453 -82.67717 98.4252 6.299213 -82.67717 82.67717 3.937008 -82.67717 0 6.299213 -82.67717 0 37.81453 -82.67717 82.67717 6.299213 -82.67717 0 6.299213 -82.67717 82.67717 37.81453 -82.67717 82.67717 37.81453 -78.74016 82.67717 6.299213 -82.67717 82.67717 6.299213 -78.74016 82.67717 37.81453 -82.67717 82.67717 37.81453 -82.67717 82.67717 37.81453 -78.74016 82.67717 6.299213 -82.67717 82.67717 6.299213 -78.74016 82.67717 6.299213 -78.74016 0 6.299213 -82.67717 82.67717 6.299213 -82.67717 0 6.299213 -78.74016 82.67717 6.299213 -78.74016 82.67717 6.299213 -78.74016 0 6.299213 -82.67717 82.67717 6.299213 -82.67717 0 6.299213 -78.74016 0 6.299213 -82.67717 0 6.299213 -82.67717 0 6.299213 -78.74016 0 41.75154 -78.74016 0 37.81453 -78.74016 0 41.75154 -78.74016 98.4252 41.75154 -78.74016 98.4252 41.75154 -78.74016 0 37.81453 -78.74016 0 37.81453 -78.74016 0 41.75154 -78.74016 0 41.75154 -78.74016 98.4252 41.75154 -82.67717 98.4252 41.75154 -78.74016 98.4252 41.75154 -78.74016 98.4252 41.75154 -82.67717 98.4252 41.75154 -82.67717 98.4252 41.75154 -82.67717 98.4252 37.81453 -82.67717 0 41.75154 -82.67717 0 41.75154 -82.67717 98.4252 37.81453 -82.67717 0 41.75154 -82.67717 0 41.75154 -82.67717 0 37.81453 -82.67717 0 37.81453 -78.74016 82.67717 37.81453 -82.67717 0 37.81453 -82.67717 82.67717 37.81453 -78.74016 0 37.81453 -78.74016 0 37.81453 -78.74016 82.67717 37.81453 -82.67717 0 37.81453 -82.67717 82.67717 41.75154 -78.74016 0 37.81453 -82.67717 0 37.81453 -78.74016 0 41.75154 -82.67717 0 41.75154 -82.67717 0 41.75154 -78.74016 0 37.81453 -82.67717 0 37.81453 -78.74016 0 41.75154 -78.74016 0 41.75154 -82.67717 98.4252 41.75154 -82.67717 0 41.75154 -78.74016 98.4252 41.75154 -78.74016 98.4252 41.75154 -78.74016 0 41.75154 -82.67717 98.4252 41.75154 -82.67717 0</float_array>
                    <technique_common>
                        <accessor count="902" source="#ID24" stride="3">
                            <param name="X" type="float" />
                            <param name="Y" type="float" />
                            <param name="Z" type="float" />
                        </accessor>
                    </technique_common>
                </source>
                <source id="ID21">
                    <float_array id="ID25" count="2706">2.72636e-16 -9.13312e-18 -1 2.72636e-16 -9.13312e-18 -1 2.72636e-16 -9.13312e-18 -1 2.72636e-16 -9.13312e-18 -1 2.72636e-16 -9.13312e-18 -1 -2.72636e-16 9.13312e-18 1 -2.72636e-16 9.13312e-18 1 -2.72636e-16 9.13312e-18 1 -2.72636e-16 9.13312e-18 1 -2.72636e-16 9.13312e-18 1 0 0 0 0 0 0 0 0 0 0 0 0 0 0 0 1 0 0 1 0 0 1 0 0 1 0 0 1 0 0 -1 -0 -0 -1 -0 -0 -1 -0 -0 -1 -0 -0 -1 -0 -0 0 0 0 0 0 0 0 0 0 0 0 -1 0 0 -1 0 0 -1 0 0 -1 0 0 -1 0 0 -1 0 0 -1 0 0 -1 0 0 -1 -0 -0 1 -0 -0 1 -0 -0 1 -0 -0 1 -0 -0 1 -0 -0 1 -0 -0 1 -0 -0 1 -0 -0 1 0 0 0 0 0 0 0 0 0 0 0 0 0 0 0 0 0 0 -1 -3.191645e-17 -7.146181e-17 -1 -3.191645e-17 -7.146181e-17 -1 -3.191645e-17 -7.146181e-17 -1 -3.191645e-17 -7.146181e-17 -1 -3.191645e-17 -7.146181e-17 -1 -3.191645e-17 -7.146181e-17 -1 -3.191645e-17 -7.146181e-17 1 3.191645e-17 7.146181e-17 1 3.191645e-17 7.146181e-17 1 3.191645e-17 7.146181e-17 1 3.191645e-17 7.146181e-17 1 3.191645e-17 7.146181e-17 1 3.191645e-17 7.146181e-17 1 3.191645e-17 7.146181e-17 0 0 0 0 0 0 0 0 0 0 0 0 0 0 0 2.255973e-16 3.609557e-16 -1 2.255973e-16 3.609557e-16 -1 2.255973e-16 3.609557e-16 -1 2.255973e-16 3.609557e-16 -1 -2.255973e-16 -3.609557e-16 1 -2.255973e-16 -3.609557e-16 1 -2.255973e-16 -3.609557e-16 1 -2.255973e-16 -3.609557e-16 1 0 0 0 0 0 0 0 1 0 0 1 0 0 1 0 0 1 0 0 1 0 -0 -1 -0 -0 -1 -0 -0 -1 -0 -0 -1 -0 -0 -1 -0 0 0 0 -8.716595e-17 3.496912e-17 1 -8.716595e-17 3.496912e-17 1 -8.716595e-17 3.496912e-17 1 -8.716595e-17 3.496912e-17 1 -8.716595e-17 3.496912e-17 1 -8.716595e-17 3.496912e-17 1 -8.716595e-17 3.496912e-17 1 -8.716595e-17 3.496912e-17 1 -8.716595e-17 3.496912e-17 1 -8.716595e-17 3.496912e-17 1 -8.716595e-17 3.496912e-17 1 -8.716595e-17 3.496912e-17 1 -8.716595e-17 3.496912e-17 1 -8.716595e-17 3.496912e-17 1 -8.716595e-17 3.496912e-17 1 -8.716595e-17 3.496912e-17 1 -8.716595e-17 3.496912e-17 1 -8.716595e-17 3.496912e-17 1 8.716595e-17 -3.496912e-17 -1 8.716595e-17 -3.496912e-17 -1 8.716595e-17 -3.496912e-17 -1 8.716595e-17 -3.496912e-17 -1 8.716595e-17 -3.496912e-17 -1 8.716595e-17 -3.496912e-17 -1 8.716595e-17 -3.496912e-17 -1 8.716595e-17 -3.496912e-17 -1 8.716595e-17 -3.496912e-17 -1 8.716595e-17 -3.496912e-17 -1 8.716595e-17 -3.496912e-17 -1 8.716595e-17 -3.496912e-17 -1 8.716595e-17 -3.496912e-17 -1 8.716595e-17 -3.496912e-17 -1 8.716595e-17 -3.496912e-17 -1 8.716595e-17 -3.496912e-17 -1 8.716595e-17 -3.496912e-17 -1 8.716595e-17 -3.496912e-17 -1 0 0 0 0 0 0 0 0 0 0 0 0 0 0 0 0 0 0 0 0 0 0 0 0 0 0 0 0 0 0 0 0 0 0 0 0 0 0 0 1 0 0 1 0 0 -1 -0 -0 -1 -0 -0 0 0 0 1 0 0 1 0 0 1 0 0 1 0 0 -1 -0 -0 -1 -0 -0 -1 -0 -0 -1 -0 -0 0 1 0 0 1 0 0 1 0 0 1 0 -0 -1 -0 -0 -1 -0 -0 -1 -0 -0 -1 -0 -0 -1 -0 -0 -1 -0 -0 -1 -0 -0 -1 -0 0 1 0 0 1 0 0 1 0 0 1 0 0 0 0 -1 0 0 -1 0 0 -1 0 0 -1 0 0 1 -0 -0 1 -0 -0 1 -0 -0 1 -0 -0 0 -1 0 0 -1 0 0 -1 0 0 -1 0 -0 1 -0 -0 1 -0 -0 1 -0 -0 1 -0 0 0 -1 0 0 -1 -0 -0 1 -0 -0 1 0 0 0 0 0 0 0 -1 0 0 -1 0 0 -1 0 0 -1 0 -0 1 -0 -0 1 -0 -0 1 -0 -0 1 -0 0 0 0 4.511946e-16 0 -1 4.511946e-16 0 -1 4.511946e-16 0 -1 4.511946e-16 0 -1 -4.511946e-16 -0 1 -4.511946e-16 -0 1 -4.511946e-16 -0 1 -4.511946e-16 -0 1 0 0 0 0 -1 0 0 -1 0 0 -1 0 0 -1 0 0 -1 0 -0 1 -0 -0 1 -0 -0 1 -0 -0 1 -0 -0 1 -0 -1 -2.881332e-16 -1.507206e-16 -1 -2.881332e-16 -1.507206e-16 -1 -2.881332e-16 -1.507206e-16 -1 -2.881332e-16 -1.507206e-16 -1 -2.881332e-16 -1.507206e-16 -1 -2.881332e-16 -1.507206e-16 1 2.881332e-16 1.507206e-16 1 2.881332e-16 1.507206e-16 1 2.881332e-16 1.507206e-16 1 2.881332e-16 1.507206e-16 1 2.881332e-16 1.507206e-16 1 2.881332e-16 1.507206e-16 1 0 0 1 0 0 -1 -0 -0 -1 -0 -0 1 0 0 1 0 0 -1 -0 -0 -1 -0 -0 0 0 0 0 0 1 0 0 1 0 0 1 0 0 1 0 0 1 -0 -0 -1 -0 -0 -1 -0 -0 -1 -0 -0 -1 -0 -0 -1 0 0 0 0 0 0 0 0 0 0 -1 0 0 -1 0 0 -1 0 0 -1 0 -0 1 -0 -0 1 -0 -0 1 -0 -0 1 -0 0 0 0 -0 -1 -0 -0 -1 -0 -0 -1 -0 -0 -1 -0 0 1 0 0 1 0 0 1 0 0 1 0 0 0 0 1 0 0 1 0 0 1 0 0 1 0 0 -1 -0 -0 -1 -0 -0 -1 -0 -0 -1 -0 -0 0 0 0 0 1 0 0 1 0 0 1 0 0 1 0 -0 -1 -0 -0 -1 -0 -0 -1 -0 -0 -1 -0 0 0 0 -1 0 0 -1 0 0 -1 0 0 -1 0 0 1 -0 -0 1 -0 -0 1 -0 -0 1 -0 -0 0 0 0 0 1 0 0 1 0 0 1 0 0 1 0 -0 -1 -0 -0 -1 -0 -0 -1 -0 -0 -1 -0 1 0 0 1 0 0 1 0 0 1 0 0 -1 -0 -0 -1 -0 -0 -1 -0 -0 -1 -0 -0 0 0 1 0 0 1 0 0 1 0 0 1 -0 -0 -1 -0 -0 -1 -0 -0 -1 -0 -0 -1 0 0 -1 0 0 -1 0 0 -1 0 0 -1 0 0 -1 0 0 -1 -0 -0 1 -0 -0 1 -0 -0 1 -0 -0 1 -0 -0 1 -0 -0 1 0 1 0 0 1 0 0 1 0 0 1 0 -0 -1 -0 -0 -1 -0 -0 -1 -0 -0 -1 -0 0 0 0 0 -1 0 0 -1 0 0 -1 0 0 -1 0 -0 1 -0 -0 1 -0 -0 1 -0 -0 1 -0 0 0 0 0 0 0 0 0 -1 0 0 -1 -0 -0 1 -0 -0 1 -1 0 0 -1 0 0 -1 0 0 -1 0 0 -1 0 0 1 -0 -0 1 -0 -0 1 -0 -0 1 -0 -0 1 -0 -0 0 0 1 0 0 1 -0 -0 -1 -0 -0 -1 0 0 0 0 0 0 0 1 0 0 1 0 0 1 0 -0 -1 -0 -0 -1 -0 -0 -1 -0 0 0 0 0 0 0 0 -1 0 0 -1 0 0 -1 0 0 -1 0 -0 1 -0 -0 1 -0 -0 1 -0 -0 1 -0 0 0 0 0 0 0 0 0 0 0 -1 0 -0 1 -0 0 0 0 0 0 -1 0 0 -1 -0 -0 1 -0 -0 1 0 0 1 0 0 1 0 0 1 0 0 1 0 0 1 -0 -0 -1 -0 -0 -1 -0 -0 -1 -0 -0 -1 -0 -0 -1 0 0 0 0 0 0 0 0 0 0 0 0 0 0 0 -1 0 0 -1 0 0 -1 0 0 -1 0 0 -1 0 0 1 -0 -0 1 -0 -0 1 -0 -0 1 -0 -0 1 -0 -0 -1 0 0 -1 0 0 -1 0 0 1 -0 -0 1 -0 -0 1 -0 -0 0 1 0 0 1 0 -0 -1 -0 -0 -1 -0 0 0 0 0 -1 0 -0 1 -0 -1 0 0 -1 0 0 1 -0 -0 1 -0 -0 0 0 0 0 0 0 -9.301306e-16 -1 1.042311e-15 -9.301306e-16 -1 1.042311e-15 -9.301306e-16 -1 1.042311e-15 -9.301306e-16 -1 1.042311e-15 -9.301306e-16 -1 1.042311e-15 9.301306e-16 1 -1.042311e-15 9.301306e-16 1 -1.042311e-15 9.301306e-16 1 -1.042311e-15 9.301306e-16 1 -1.042311e-15 9.301306e-16 1 -1.042311e-15 0 0 0 -1 0 0 1 -0 -0 0 0 0 0 0 -1 0 0 -1 0 0 -1 0 0 -1 -0 -0 1 -0 -0 1 -0 -0 1 -0 -0 1 0 0 0 -1.312566e-15 -1 4.812743e-15 -1.312566e-15 -1 4.812743e-15 -1.312566e-15 -1 4.812743e-15 -1.312566e-15 -1 4.812743e-15 1.312566e-15 1 -4.812743e-15 1.312566e-15 1 -4.812743e-15 1.312566e-15 1 -4.812743e-15 1.312566e-15 1 -4.812743e-15 0 0 0 0 0 1 0 0 1 0 0 1 -0 -0 -1 -0 -0 -1 -0 -0 -1 0 0 0 0 0 0 0 0 0 -9.281718e-15 -1 -7.219114e-15 -9.281718e-15 -1 -7.219114e-15 -9.281718e-15 -1 -7.219114e-15 9.281718e-15 1 7.219114e-15 9.281718e-15 1 7.219114e-15 9.281718e-15 1 7.219114e-15 0 0 0 0 0 1 -0 -0 -1 0 0 0 0 1 0 0 1 0 -0 -1 -0 -0 -1 -0 0 0 0 -1 0 0 -1 0 0 -1 0 0 -1 0 0 1 -0 -0 1 -0 -0 1 -0 -0 1 -0 -0 -0.5299989 -1.554936e-15 -0.8479983 -0.5299989 -1.554936e-15 -0.8479983 -0.5299989 -1.554936e-15 -0.8479983 -0.5299989 -1.554936e-15 -0.8479983 0.5299989 1.554936e-15 0.8479983 0.5299989 1.554936e-15 0.8479983 0.5299989 1.554936e-15 0.8479983 0.5299989 1.554936e-15 0.8479983 -0.7893522 1.082057e-17 -0.6139406 -0.7893522 1.082057e-17 -0.6139406 -0.7893522 1.082057e-17 -0.6139406 -0.7893522 1.082057e-17 -0.6139406 -0.7893522 1.082057e-17 -0.6139406 0.7893522 -1.082057e-17 0.6139406 0.7893522 -1.082057e-17 0.6139406 0.7893522 -1.082057e-17 0.6139406 0.7893522 -1.082057e-17 0.6139406 0.7893522 -1.082057e-17 0.6139406 0 0 0 -0.5299989 1.464483e-16 -0.8479983 -0.5299989 1.464483e-16 -0.8479983 -0.5299989 1.464483e-16 -0.8479983 -0.5299989 1.464483e-16 -0.8479983 0.5299989 -1.464483e-16 0.8479983 0.5299989 -1.464483e-16 0.8479983 0.5299989 -1.464483e-16 0.8479983 0.5299989 -1.464483e-16 0.8479983 0 0 0 0 1 0 0 1 0 0 1 0 0 1 0 0 1 0 0 1 0 0 1 0 -0 -1 -0 -0 -1 -0 -0 -1 -0 -0 -1 -0 -0 -1 -0 -0 -1 -0 -0 -1 -0 0 0 0 0 0 0 0 0 0 -1 0 0 -1 0 0 -1 0 0 -1 0 0 1 -0 -0 1 -0 -0 1 -0 -0 1 -0 -0 0 0 0 0 0 0 4.972335e-15 1 2.624692e-15 4.972335e-15 1 2.624692e-15 4.972335e-15 1 2.624692e-15 4.972335e-15 1 2.624692e-15 -4.972335e-15 -1 -2.624692e-15 -4.972335e-15 -1 -2.624692e-15 -4.972335e-15 -1 -2.624692e-15 -4.972335e-15 -1 -2.624692e-15 -1 0 0 -1 0 0 1 -0 -0 1 -0 -0 0 0 0 0 0 0 0 1 0 0 1 0 -0 -1 -0 -0 -1 -0 0 0 0 -1 0 0 -1 0 0 1 -0 -0 1 -0 -0 0 0 0 5.495842e-16 -9.707196e-17 -1 5.495842e-16 -9.707196e-17 -1 5.495842e-16 -9.707196e-17 -1 5.495842e-16 -9.707196e-17 -1 5.495842e-16 -9.707196e-17 -1 -5.495842e-16 9.707196e-17 1 -5.495842e-16 9.707196e-17 1 -5.495842e-16 9.707196e-17 1 -5.495842e-16 9.707196e-17 1 -5.495842e-16 9.707196e-17 1 0 0 0 3.281416e-16 1.804779e-15 -1 3.281416e-16 1.804779e-15 -1 3.281416e-16 1.804779e-15 -1 3.281416e-16 1.804779e-15 -1 -3.281416e-16 -1.804779e-15 1 -3.281416e-16 -1.804779e-15 1 -3.281416e-16 -1.804779e-15 1 -3.281416e-16 -1.804779e-15 1 1 0 0 1 0 0 1 0 0 1 0 0 -1 -0 -0 -1 -0 -0 -1 -0 -0 -1 -0 -0 0 0 0 0 0 1 0 0 1 -0 -0 -1 -0 -0 -1 0 0 0 0 0 0 -1.775405e-29 1 9.625486e-15 -1.775405e-29 1 9.625486e-15 -1.775405e-29 1 9.625486e-15 -1.775405e-29 1 9.625486e-15 1.775405e-29 -1 -9.625486e-15 1.775405e-29 -1 -9.625486e-15 1.775405e-29 -1 -9.625486e-15 1.775405e-29 -1 -9.625486e-15 0 0 1 0 0 1 -0 -0 -1 -0 -0 -1 1.031759e-15 1 6.684484e-15 1.031759e-15 1 6.684484e-15 1.031759e-15 1 6.684484e-15 1.031759e-15 1 6.684484e-15 1.031759e-15 1 6.684484e-15 1.031759e-15 1 6.684484e-15 -1.031759e-15 -1 -6.684484e-15 -1.031759e-15 -1 -6.684484e-15 -1.031759e-15 -1 -6.684484e-15 -1.031759e-15 -1 -6.684484e-15 -1.031759e-15 -1 -6.684484e-15 -1.031759e-15 -1 -6.684484e-15 -0.7893522 -7.617893e-17 -0.6139406 -0.7893522 -7.617893e-17 -0.6139406 -0.7893522 -7.617893e-17 -0.6139406 -0.7893522 -7.617893e-17 -0.6139406 0.7893522 7.617893e-17 0.6139406 0.7893522 7.617893e-17 0.6139406 0.7893522 7.617893e-17 0.6139406 0.7893522 7.617893e-17 0.6139406 0 1 0 0 1 0 0 1 0 -0 -1 -0 -0 -1 -0 -0 -1 -0 0 1 0 -0 -1 -0 9.305367e-32 1 -5.775291e-15 9.305367e-32 1 -5.775291e-15 9.305367e-32 1 -5.775291e-15 9.305367e-32 1 -5.775291e-15 -9.305367e-32 -1 5.775291e-15 -9.305367e-32 -1 5.775291e-15 -9.305367e-32 -1 5.775291e-15 -9.305367e-32 -1 5.775291e-15 0 0 0 0 0 1 0 0 1 -0 -0 -1 -0 -0 -1 0 0 0 0 1 0 0 1 0 -0 -1 -0 -0 -1 -0 0 0 0 0 0 0 -1 0 0 -1 0 0 -1 0 0 -1 0 0 -1 0 0 1 -0 -0 1 -0 -0 1 -0 -0 1 -0 -0 1 -0 -0 0 0 0 3.606617e-34 -3.609557e-15 -1 3.606617e-34 -3.609557e-15 -1 3.606617e-34 -3.609557e-15 -1 3.606617e-34 -3.609557e-15 -1 -3.606617e-34 3.609557e-15 1 -3.606617e-34 3.609557e-15 1 -3.606617e-34 3.609557e-15 1 -3.606617e-34 3.609557e-15 1 0 0 0 0 -1 0 0 -1 0 0 -1 0 0 -1 0 0 -1 0 -0 1 -0 -0 1 -0 -0 1 -0 -0 1 -0 -0 1 -0 0 -1 0 0 -1 0 -0 1 -0 -0 1 -0 0 0 -1 0 0 -1 0 0 -1 0 0 -1 -0 -0 1 -0 -0 1 -0 -0 1 -0 -0 1 -1 0 0 -1 0 0 -1 0 0 1 -0 -0 1 -0 -0 1 -0 -0 0 0 0 0 0 0 3.898114e-15 1 -4.838085e-16 3.898114e-15 1 -4.838085e-16 3.898114e-15 1 -4.838085e-16 3.898114e-15 1 -4.838085e-16 3.898114e-15 1 -4.838085e-16 -3.898114e-15 -1 4.838085e-16 -3.898114e-15 -1 4.838085e-16 -3.898114e-15 -1 4.838085e-16 -3.898114e-15 -1 4.838085e-16 -3.898114e-15 -1 4.838085e-16 0 0 0 0 -1 0 0 -1 0 0 -1 0 -0 1 -0 -0 1 -0 -0 1 -0 0 0 0 1 -2.46529e-16 -3.256044e-16 1 -2.46529e-16 -3.256044e-16 1 -2.46529e-16 -3.256044e-16 1 -2.46529e-16 -3.256044e-16 1 -2.46529e-16 -3.256044e-16 -1 2.46529e-16 3.256044e-16 -1 2.46529e-16 3.256044e-16 -1 2.46529e-16 3.256044e-16 -1 2.46529e-16 3.256044e-16 -1 2.46529e-16 3.256044e-16 0 0 1 0 0 1 -0 -0 -1 -0 -0 -1 0 0 0 -1 0 0 -1 0 0 -1 0 0 -1 0 0 1 -0 -0 1 -0 -0 1 -0 -0 1 -0 -0 0 0 0 0 1 0 0 1 0 0 1 0 0 1 0 0 1 0 -0 -1 -0 -0 -1 -0 -0 -1 -0 -0 -1 -0 -0 -1 -0 0 0 0 0 0 0 0 0 0 0 0 0 0 0 0 0 0 -1 0 0 -1 -0 -0 1 -0 -0 1 0 -1 0 0 -1 0 -0 1 -0 -0 1 -0 1 -2.007557e-16 2.46649e-17 1 -2.007557e-16 2.46649e-17 1 -2.007557e-16 2.46649e-17 1 -2.007557e-16 2.46649e-17 -1 2.007557e-16 -2.46649e-17 -1 2.007557e-16 -2.46649e-17 -1 2.007557e-16 -2.46649e-17 -1 2.007557e-16 -2.46649e-17 0 0 -1 0 0 -1 0 0 -1 0 0 -1 -0 -0 1 -0 -0 1 -0 -0 1 -0 -0 1 0 0 1 0 0 1 -0 -0 -1 -0 -0 -1 0 0 0 0 0 -1 0 0 -1 -0 -0 1 -0 -0 1 0 0 0 0 -1 0 0 -1 0 0 -1 0 0 -1 0 0 -1 0 -0 1 -0 -0 1 -0 -0 1 -0 -0 1 -0 -0 1 -0 0 0 0 0 0 0 0 0 0 0 -3.609557e-15 -1 0 -3.609557e-15 -1 0 -3.609557e-15 -1 0 -3.609557e-15 -1 -0 3.609557e-15 1 -0 3.609557e-15 1 -0 3.609557e-15 1 -0 3.609557e-15 1 1 0 0 1 0 0 1 0 0 1 0 0 -1 -0 -0 -1 -0 -0 -1 -0 -0 -1 -0 -0 0 0 -1 0 0 -1 -0 -0 1 -0 -0 1 0 1 0 0 1 0 0 1 0 -0 -1 -0 -0 -1 -0 -0 -1 -0 0 0 0 0 0 0 0 0 0 0 0 1 0 0 1 -0 -0 -1 -0 -0 -1 0 0 0 0 -1 0 0 -1 0 0 -1 0 -0 1 -0 -0 1 -0 -0 1 -0 0 0 0 0 0 0 -1 -1.039904e-30 -6.80545e-16 -1 -1.039904e-30 -6.80545e-16 -1 -1.039904e-30 -6.80545e-16 -1 -1.039904e-30 -6.80545e-16 1 1.039904e-30 6.80545e-16 1 1.039904e-30 6.80545e-16 1 1.039904e-30 6.80545e-16 1 1.039904e-30 6.80545e-16 0 0 -1 0 0 -1 0 0 -1 0 0 -1 -0 -0 1 -0 -0 1 -0 -0 1 -0 -0 1 1 0 0 1 0 0 1 0 0 1 0 0 -1 -0 -0 -1 -0 -0 -1 -0 -0 -1 -0 -0</float_array>
                    <technique_common>
                        <accessor count="902" source="#ID25" stride="3">
                            <param name="X" type="float" />
                            <param name="Y" type="float" />
                            <param name="Z" type="float" />
                        </accessor>
                    </technique_common>
                </source>
                <source id="ID22">
                    <Name_array id="ID26" count="0" />
                    <technique_common>
                        <accessor count="0" source="#ID26" stride="1">
                            <param name="skp_material" type="Name" />
                        </accessor>
                    </technique_common>
                </source>
                <vertices id="ID23">
                    <input semantic="POSITION" source="#ID20" />
                    <input semantic="NORMAL" source="#ID21" />
                </vertices>
                <triangles count="279" material="Material2">
                    <input offset="0" semantic="VERTEX" source="#ID23" />
                    <p>0 1 2 1 0 3 3 0 4 15 16 17 16 15 18 18 15 19 28 29 30 29 28 31 31 28 32 32 28 33 32 33 34 34 33 35 35 33 36 52 53 54 53 52 55 53 55 56 56 55 57 56 57 58 71 72 73 72 71 74 81 82 83 82 81 84 84 81 85 92 93 94 93 92 95 93 95 96 96 95 97 95 92 98 98 92 99 98 99 100 100 99 101 97 102 103 102 97 95 103 102 104 103 104 105 106 107 108 107 106 109 109 106 103 109 103 105 17 141 142 141 17 16 146 147 148 147 146 149 154 155 156 155 154 157 162 163 164 163 162 165 171 172 173 172 171 174 179 180 181 180 179 182 31 187 29 187 31 188 193 194 195 194 193 196 202 203 204 203 202 205 211 212 213 212 211 214 212 214 215 221 222 223 222 221 224 224 221 225 225 221 226 148 233 234 233 148 147 234 237 238 237 234 233 242 243 244 243 242 245 245 242 246 255 256 257 256 255 258 264 265 266 265 264 267 273 274 275 274 273 276 282 283 284 283 282 285 291 292 293 292 291 294 300 301 302 301 300 303 308 309 310 309 308 311 316 317 318 317 316 319 324 325 326 325 324 327 327 324 328 188 329 187 329 188 327 327 188 325 336 337 338 337 336 339 258 345 256 345 258 346 346 258 347 347 258 348 187 355 356 355 187 329 359 360 361 360 359 362 362 359 363 244 369 370 369 244 243 375 338 376 338 375 336 336 375 377 347 383 346 383 347 384 384 347 385 385 347 386 346 394 345 394 346 383 356 397 398 397 356 355 401 402 403 402 401 404 404 401 405 404 405 369 369 405 370 416 417 418 417 416 419 419 416 420 420 426 419 426 420 427 427 420 428 432 377 375 377 432 433 437 385 386 417 439 440 439 417 419 445 446 447 446 445 448 446 448 449 419 456 439 456 419 426 459 460 461 460 459 462 468 469 470 469 468 471 477 403 478 403 477 401 401 477 479 486 487 488 493 401 479 401 493 405 496 432 497 432 496 433 501 502 503 502 501 504 509 510 511 510 509 512 517 518 519 518 517 520 520 517 521 528 529 530 529 528 531 537 538 539 538 537 540 540 537 541 540 541 542 540 542 543 554 555 556 555 554 439 439 554 557 439 557 440 564 565 566 565 564 567 439 572 555 572 439 573 573 439 456 539 578 579 578 539 538 503 583 584 583 503 502 588 589 590 589 588 591 591 588 592 599 600 601 600 599 602 607 608 609 608 607 610 616 478 617 478 616 477 622 623 624 623 622 625 630 477 616 477 630 479 479 630 493 493 630 631 634 635 636 635 634 637 637 634 638 638 634 639 646 647 648 647 646 649 654 655 656 542 541 660 655 542 660 542 655 543 662 663 664 663 662 665 671 631 630 631 671 672 538 676 578 676 538 677 677 538 540 682 683 684 683 682 685 685 682 686 693 694 695 694 693 696 702 703 704 703 702 705 705 702 706 706 712 705 712 706 713 716 717 718 717 716 719 584 724 725 724 584 726 726 584 583 732 733 734 733 732 735 735 732 736 712 743 744 743 712 745 745 712 713 750 751 752 751 750 753 753 750 754 760 672 671 672 760 761 765 766 767 766 765 768 677 774 676 774 677 775 775 677 776 776 677 777 777 677 778 789 719 716 719 789 790 793 704 794 704 793 702 797 798 799 798 797 800 805 806 807 806 805 808 813 761 760 761 813 814 818 790 789 790 818 819 823 824 825 824 826 827 826 824 794 794 824 793 793 824 823 836 837 838 837 836 839 844 845 846 845 844 847 852 819 818 819 852 853 777 856 857 856 777 858 858 777 778 865 814 813 814 865 866 870 871 872 871 870 825 825 870 823 878 879 880 879 878 881 886 887 888 887 886 889 894 895 896 895 894 897</p>
                </triangles>
                <triangles count="279" material="Material3">
                    <input offset="0" semantic="VERTEX" source="#ID23" />
                    <p>5 6 7 7 6 8 9 8 6 20 21 22 22 21 23 24 23 21 37 38 39 39 38 40 40 38 41 38 42 41 41 42 43 43 42 44 45 44 42 59 60 61 60 62 61 61 62 63 62 64 63 65 63 64 75 76 77 78 77 76 86 87 88 88 87 89 90 89 87 110 111 112 111 113 112 112 113 114 115 114 113 110 116 111 116 117 111 118 119 117 111 117 119 120 121 122 122 121 123 121 124 123 123 124 118 119 118 125 125 118 126 118 124 126 127 126 124 23 24 143 144 143 24 150 151 152 153 152 151 158 159 160 161 160 159 166 167 168 169 168 167 175 176 177 178 177 176 183 184 185 186 185 184 189 43 190 44 190 43 197 198 199 200 199 198 206 207 208 209 208 207 216 217 218 217 219 218 220 218 219 227 228 229 229 228 230 230 228 231 232 231 228 152 153 235 236 235 153 235 236 239 240 239 236 247 248 249 249 248 250 251 250 248 259 260 261 262 261 260 268 269 270 271 270 269 277 278 279 280 279 278 286 287 288 289 288 287 295 296 297 298 297 296 304 305 306 307 306 305 312 313 314 315 314 313 320 321 322 323 322 321 330 189 331 331 189 332 190 332 189 333 334 331 331 334 330 335 330 334 340 341 342 343 342 341 349 259 350 350 259 351 351 259 352 261 352 259 332 190 357 358 357 190 364 365 366 366 365 367 368 367 365 250 251 371 372 371 251 378 379 341 341 379 343 380 343 379 387 350 388 388 350 389 389 350 390 351 390 350 390 351 395 352 395 351 357 358 399 400 399 358 372 406 371 371 406 407 406 408 407 407 408 409 410 409 408 421 422 423 423 422 424 425 424 422 429 421 430 430 421 431 423 431 421 434 435 378 379 378 435 387 388 438 423 424 441 442 441 424 450 451 452 451 453 452 454 452 453 431 423 457 441 457 423 463 464 465 466 465 464 472 473 474 475 474 473 480 481 408 408 481 410 482 410 481 489 490 491 406 494 408 480 408 494 434 498 435 499 435 498 505 506 507 508 507 506 513 514 515 516 515 514 522 523 524 524 523 525 526 525 523 532 533 534 535 534 533 544 545 546 545 547 546 547 548 546 546 548 549 550 549 548 442 558 441 558 559 441 441 559 560 561 560 559 568 569 570 571 570 569 457 441 574 574 441 575 560 575 441 549 550 580 581 580 550 507 508 585 586 585 508 593 594 595 595 594 596 597 596 594 603 604 605 606 605 604 611 612 613 614 613 612 481 618 482 619 482 618 626 627 628 629 628 627 632 633 494 494 633 480 480 633 481 618 481 633 640 641 642 642 641 643 643 641 644 645 644 641 650 651 652 653 652 651 657 658 659 661 547 545 544 658 545 661 545 658 666 667 668 669 668 667 673 674 632 633 632 674 546 549 678 678 549 679 580 679 549 687 688 689 689 688 690 691 690 688 697 698 699 700 699 698 707 708 709 709 708 710 711 710 708 714 707 715 709 715 707 720 721 722 723 722 721 585 586 727 727 586 728 729 728 586 737 738 739 739 738 740 741 740 738 714 715 746 746 715 747 748 747 715 755 756 757 757 756 758 759 758 756 762 763 673 674 673 763 769 770 771 772 771 770 779 678 780 780 678 781 781 678 782 782 678 783 679 783 678 791 792 720 721 720 792 708 795 711 796 711 795 801 802 803 804 803 802 809 810 811 812 811 810 815 816 762 763 762 816 820 821 791 792 791 821 828 829 795 795 829 796 796 829 830 831 830 829 832 829 828 840 841 842 843 842 841 848 849 850 851 850 849 854 855 820 821 820 855 779 780 859 859 780 860 861 860 780 867 868 815 816 815 868 828 873 832 832 873 874 875 874 873 882 883 884 885 884 883 890 891 892 893 892 891 898 899 900 901 900 899</p>
                </triangles>
                <lines count="215" material="Material4">
                    <input offset="0" semantic="VERTEX" source="#ID23" />
                    <p>10 11 12 10 13 12 14 13 14 11 25 26 25 27 27 10 11 26 46 47 12 47 48 27 49 48 50 49 51 50 46 51 66 67 66 68 68 69 13 69 12 70 67 70 79 13 79 80 80 14 80 91 91 26 128 129 128 130 130 131 132 131 133 132 134 133 135 134 136 135 137 136 138 137 138 139 139 25 91 140 140 67 70 129 145 25 48 145 129 47 128 46 170 145 49 170 139 170 50 139 138 51 51 191 192 191 46 192 201 140 201 66 68 210 210 201 79 210 130 192 241 131 192 241 252 130 253 252 254 253 131 254 263 241 263 132 272 263 272 133 281 272 281 134 290 281 290 135 299 290 299 136 191 299 137 191 344 192 344 252 353 253 354 353 241 354 354 344 373 252 374 373 253 374 381 344 381 382 382 373 391 374 392 391 393 392 353 393 354 396 396 393 396 381 411 412 412 413 413 374 373 414 414 415 415 411 392 382 436 414 382 436 413 391 392 443 443 444 391 444 455 412 392 455 458 443 393 458 353 467 458 467 476 411 455 476 483 412 411 484 485 484 483 485 412 492 492 413 495 413 495 483 500 415 436 500 500 476 455 436 527 444 495 527 536 443 455 536 551 552 467 552 444 553 553 551 443 562 562 563 563 551 527 536 576 577 576 562 577 458 577 582 582 467 587 484 587 476 536 598 598 587 615 492 615 483 484 620 620 621 621 485 598 485 551 495 563 621 615 495 553 527 670 443 670 598 675 563 675 552 680 681 582 680 552 681 692 582 692 675 562 701 701 670 692 576 701 621 730 731 731 620 730 587 742 670 742 730 731 749 749 701 764 675 681 764 680 773 773 764 784 785 784 786 786 787 787 680 788 681 785 788 773 692 749 742 764 817 817 788 822 787 773 822 833 822 833 834 834 835 835 817 834 784 835 785 786 833 862 863 862 785 788 864 863 864 864 869 869 817 876 877 876 869 877 835 877 862 863 876</p>
                </lines>
            </mesh>
        </geometry>
        <geometry id="ID27">
            <mesh>
                <source id="ID28">
                    <float_array id="ID32" count="633">-35.03937 -423.9536 98.4252 -38.97638 -420.0166 98.4252 -38.97638 -423.9536 98.4252 -38.58268 -420.0166 98.4252 -35.03937 -420.0166 98.4252 -35.03937 -420.0166 98.4252 -35.03937 -423.9536 98.4252 -38.58268 -420.0166 98.4252 -38.97638 -420.0166 98.4252 -38.97638 -423.9536 98.4252 -38.97638 -420.0166 98.4252 -38.58268 -420.0166 98.4252 -38.97638 -423.9536 98.4252 -35.03937 -423.9536 98.4252 -35.03937 -420.0166 98.4252 -38.97638 -420.0166 82.67717 -38.58268 -420.0166 98.4252 -38.58268 -420.0166 82.67717 -38.97638 -420.0166 98.4252 -38.97638 -420.0166 98.4252 -38.97638 -420.0166 82.67717 -38.58268 -420.0166 98.4252 -38.58268 -420.0166 82.67717 -38.58268 -420.0166 82.67717 -38.97638 -420.0166 82.67717 -38.97638 -420.0166 98.4252 -38.97638 -423.9536 0 -38.97638 -423.9536 98.4252 -38.97638 -420.0166 0 -38.97638 -420.0166 82.67717 -38.97638 -420.0166 82.67717 -38.97638 -420.0166 98.4252 -38.97638 -420.0166 0 -38.97638 -423.9536 0 -38.97638 -423.9536 98.4252 -38.97638 -423.9536 0 -38.97638 -420.0166 0 -35.03937 -423.9536 82.67717 -38.97638 -423.9536 0 -35.03937 -423.9536 0 -38.97638 -423.9536 98.4252 -35.03937 -423.9536 98.4252 -35.03937 -423.9536 98.4252 -35.03937 -423.9536 82.67717 -38.97638 -423.9536 98.4252 -38.97638 -423.9536 0 -35.03937 -423.9536 0 -35.03937 -423.9536 0 -35.03937 -423.9536 82.67717 -35.03937 -420.0166 98.4252 -35.03937 -423.9536 82.67717 -35.03937 -423.9536 98.4252 -35.03937 -420.0166 82.67717 -35.03937 -420.0166 82.67717 -35.03937 -420.0166 98.4252 -35.03937 -423.9536 82.67717 -35.03937 -423.9536 98.4252 -35.03937 -420.0166 82.67717 2.362205 -423.9536 98.4252 2.362205 -420.0166 98.4252 2.362205 -420.0166 98.4252 2.362205 -423.9536 98.4252 2.362205 -420.0166 98.4252 2.362205 -423.9536 98.4252 -35.03937 -420.0166 82.67717 -35.03937 -420.0166 98.4252 -35.03937 -420.0166 98.4252 -35.03937 -420.0166 82.67717 -35.03937 -420.0166 0 -38.97638 -420.0166 0 -35.03937 -420.0166 0 -38.97638 -420.0166 0 -35.03937 -420.0166 0 -38.58268 -368.8355 98.4252 -38.58268 -420.0166 82.67717 -38.58268 -420.0166 98.4252 -38.58268 -368.8355 82.67717 -38.58268 -368.8355 82.67717 -38.58268 -368.8355 98.4252 -38.58268 -420.0166 82.67717 -38.58268 -420.0166 98.4252 -38.58268 -368.8355 98.4252 -38.58268 -368.8355 82.67717 -35.03937 -420.0166 0 -38.97638 -423.9536 0 -38.97638 -420.0166 0 -35.03937 -423.9536 0 -35.03937 -423.9536 0 -35.03937 -420.0166 0 -38.97638 -423.9536 0 -38.97638 -420.0166 0 -35.03937 -423.9536 0 -35.03937 -420.0166 0 -35.03937 -420.0166 0 -35.03937 -423.9536 0 2.362205 -423.9536 98.4252 2.362205 -423.9536 82.67717 2.362205 -423.9536 98.4252 2.362205 -423.9536 82.67717 2.362205 -423.9536 82.67717 2.362205 -420.0166 98.4252 -35.03937 -420.0166 82.67717 2.362205 -420.0166 82.67717 -35.03937 -420.0166 98.4252 -35.03937 -420.0166 98.4252 2.362205 -420.0166 98.4252 -35.03937 -420.0166 82.67717 2.362205 -420.0166 82.67717 2.362205 -420.0166 82.67717 2.362205 -420.0166 82.67717 -35.03937 -423.9536 82.67717 -35.03937 -420.0166 82.67717 2.362205 -423.9536 82.67717 2.362205 -423.9536 82.67717 2.362205 -420.0166 82.67717 -35.03937 -423.9536 82.67717 -35.03937 -420.0166 82.67717 2.362205 -420.0166 82.67717 2.362205 -423.9536 98.4252 2.362205 -423.9536 82.67717 2.362205 -420.0166 98.4252 2.362205 -420.0166 98.4252 2.362205 -420.0166 82.67717 2.362205 -423.9536 98.4252 2.362205 -423.9536 82.67717 6.299213 -423.9536 98.4252 6.299213 -420.0166 98.4252 6.299213 -420.0166 98.4252 6.299213 -423.9536 98.4252 6.299213 -423.9536 98.4252 6.299213 -420.0166 98.4252 6.299213 -423.9536 98.4252 2.362205 -423.9536 0 6.299213 -423.9536 0 6.299213 -423.9536 98.4252 2.362205 -423.9536 0 6.299213 -423.9536 0 6.299213 -423.9536 0 2.362205 -423.9536 0 6.299213 -420.0166 98.4252 6.299213 -420.0166 82.67717 6.299213 -420.0166 98.4252 6.299213 -420.0166 82.67717 6.299213 -420.0166 82.67717 2.362205 -420.0166 0 2.362205 -423.9536 0 2.362205 -420.0166 0 2.362205 -423.9536 0 2.362205 -420.0166 0 41.75154 -420.0166 98.4252 6.299213 -423.9536 98.4252 6.299213 -420.0166 98.4252 41.75154 -423.9536 98.4252 41.75154 -423.9536 98.4252 41.75154 -420.0166 98.4252 6.299213 -423.9536 98.4252 6.299213 -420.0166 98.4252 41.75154 -423.9536 98.4252 41.75154 -420.0166 98.4252 6.299213 -420.0166 0 2.362205 -423.9536 0 2.362205 -420.0166 0 6.299213 -423.9536 0 6.299213 -423.9536 0 6.299213 -420.0166 0 2.362205 -423.9536 0 2.362205 -420.0166 0 6.299213 -420.0166 0 6.299213 -423.9536 98.4252 41.75154 -423.9536 0 6.299213 -423.9536 0 41.75154 -423.9536 98.4252 41.75154 -423.9536 98.4252 6.299213 -423.9536 98.4252 41.75154 -423.9536 0 6.299213 -423.9536 0 41.75154 -423.9536 0 41.75154 -420.0166 98.4252 41.75154 -420.0166 82.67717 41.75154 -420.0166 98.4252 41.75154 -420.0166 82.67717 41.75154 -420.0166 82.67717 2.362205 -420.0166 82.67717 6.299213 -420.0166 0 2.362205 -420.0166 0 6.299213 -420.0166 82.67717 6.299213 -420.0166 82.67717 2.362205 -420.0166 82.67717 6.299213 -420.0166 0 2.362205 -420.0166 0 41.75154 -420.0166 98.4252 41.75154 -423.9536 0 41.75154 -423.9536 98.4252 41.75154 -420.0166 0 41.75154 -420.0166 82.67717 41.75154 -420.0166 82.67717 41.75154 -420.0166 98.4252 41.75154 -420.0166 0 41.75154 -423.9536 0 41.75154 -423.9536 98.4252 41.75154 -420.0166 0 6.299213 -420.0166 0 41.75154 -420.0166 0 6.299213 -420.0166 0 41.75154 -420.0166 0 41.75154 -368.8355 82.67717 41.75154 -368.8355 98.4252 41.75154 -368.8355 98.4252 41.75154 -368.8355 82.67717 41.75154 -368.8355 98.4252 41.75154 -368.8355 82.67717</float_array>
                    <technique_common>
                        <accessor count="211" source="#ID32" stride="3">
                            <param name="X" type="float" />
                            <param name="Y" type="float" />
                            <param name="Z" type="float" />
                        </accessor>
                    </technique_common>
                </source>
                <source id="ID29">
                    <float_array id="ID33" count="633">0 0 1 0 0 1 0 0 1 0 0 1 0 0 1 -0 -0 -1 -0 -0 -1 -0 -0 -1 -0 -0 -1 -0 -0 -1 0 0 0 0 0 0 0 0 0 0 0 0 0 0 0 0 1 0 0 1 0 0 1 0 0 1 0 -0 -1 -0 -0 -1 -0 -0 -1 -0 -0 -1 -0 0 0 0 0 0 0 -1 0 0 -1 0 0 -1 0 0 -1 0 0 -1 0 0 1 -0 -0 1 -0 -0 1 -0 -0 1 -0 -0 1 -0 -0 0 0 0 0 0 0 0 -1 0 0 -1 0 0 -1 0 0 -1 0 0 -1 0 -0 1 -0 -0 1 -0 -0 1 -0 -0 1 -0 -0 1 -0 0 0 0 0 0 0 -1 0 0 -1 0 0 -1 0 0 -1 0 0 1 -0 -0 1 -0 -0 1 -0 -0 1 -0 -0 0 0 0 0 0 1 0 0 1 -0 -0 -1 -0 -0 -1 0 0 0 0 0 0 0 1 0 0 1 0 -0 -1 -0 -0 -1 -0 0 1 0 0 1 0 -0 -1 -0 -0 -1 -0 0 0 0 -1 0 0 -1 0 0 -1 0 0 -1 0 0 1 -0 -0 1 -0 -0 1 -0 -0 1 -0 -0 0 0 0 0 0 0 0 0 -1 0 0 -1 0 0 -1 0 0 -1 -0 -0 1 -0 -0 1 -0 -0 1 -0 -0 1 -1 0 0 -1 0 0 1 -0 -0 1 -0 -0 0 -1 0 0 -1 0 -0 1 -0 -0 1 -0 0 0 0 0 -1 0 0 -1 0 0 -1 0 0 -1 0 -0 1 -0 -0 1 -0 -0 1 -0 -0 1 -0 0 0 0 -7.599068e-16 0 -1 -7.599068e-16 0 -1 -7.599068e-16 0 -1 -7.599068e-16 0 -1 7.599068e-16 -0 1 7.599068e-16 -0 1 7.599068e-16 -0 1 7.599068e-16 -0 1 1 0 0 1 0 0 1 0 0 1 0 0 -1 -0 -0 -1 -0 -0 -1 -0 -0 -1 -0 -0 0 0 1 0 0 1 -0 -0 -1 -0 -0 -1 0 0 0 0 0 0 0 -1 0 0 -1 0 0 -1 0 -0 1 -0 -0 1 -0 -0 1 -0 0 0 0 0 0 0 0 -1 0 0 -1 0 -0 1 -0 -0 1 -0 0 0 0 1 0 0 1 0 0 -1 -0 -0 -1 -0 -0 0 0 0 0 0 -1 0 0 -1 0 0 -1 0 0 -1 -0 -0 1 -0 -0 1 -0 -0 1 -0 -0 1 0 0 0 0 0 0 0 0 -1 0 0 -1 0 0 -1 0 0 -1 -0 -0 1 -0 -0 1 -0 -0 1 -0 -0 1 0 0 0 0 1 0 0 1 0 0 1 0 0 1 0 -0 -1 -0 -0 -1 -0 -0 -1 -0 -0 -1 -0 0 0 0 0 -1 0 0 -1 0 -0 1 -0 -0 1 -0 0 0 0 0 1 0 0 1 0 0 1 0 0 1 0 -0 -1 -0 -0 -1 -0 -0 -1 -0 -0 -1 -0 -1 -0 -0 -1 -0 -0 -1 -0 -0 -1 -0 -0 -1 -0 -0 1 0 0 1 0 0 1 0 0 1 0 0 1 0 0 0 0 0 0 -1 0 0 -1 0 -0 1 -0 -0 1 -0 1 0 0 1 0 0 -1 -0 -0 -1 -0 -0 0 0 0 0 0 0</float_array>
                    <technique_common>
                        <accessor count="211" source="#ID33" stride="3">
                            <param name="X" type="float" />
                            <param name="Y" type="float" />
                            <param name="Z" type="float" />
                        </accessor>
                    </technique_common>
                </source>
                <source id="ID30">
                    <Name_array id="ID34" count="0" />
                    <technique_common>
                        <accessor count="0" source="#ID34" stride="1">
                            <param name="skp_material" type="Name" />
                        </accessor>
                    </technique_common>
                </source>
                <vertices id="ID31">
                    <input semantic="POSITION" source="#ID28" />
                    <input semantic="NORMAL" source="#ID29" />
                </vertices>
                <triangles count="60" material="Material2">
                    <input offset="0" semantic="VERTEX" source="#ID31" />
                    <p>0 1 2 1 0 3 3 0 4 15 16 17 16 15 18 25 26 27 26 25 28 28 25 29 37 38 39 38 37 40 40 37 41 49 50 51 50 49 52 58 4 0 4 58 59 16 64 17 64 16 65 15 68 69 68 15 17 64 68 17 73 74 75 74 73 76 83 84 85 84 83 86 52 91 50 91 52 92 95 37 96 37 95 41 100 101 102 101 100 103 109 110 111 110 109 112 117 118 119 118 117 120 125 59 58 59 125 126 131 132 133 132 131 96 96 131 95 139 102 140 102 139 100 144 119 145 119 144 117 149 150 151 150 149 152 159 160 161 160 159 162 168 169 170 169 168 171 177 140 178 140 177 139 182 183 184 183 182 185 190 191 192 191 190 193 193 190 194 178 201 202 201 178 140 205 196 195 196 205 206</p>
                </triangles>
                <triangles count="60" material="Material3">
                    <input offset="0" semantic="VERTEX" source="#ID31" />
                    <p>5 6 7 7 6 8 9 8 6 19 20 21 22 21 20 30 31 32 32 31 33 34 33 31 42 43 44 44 43 45 46 45 43 53 54 55 56 55 54 60 61 5 6 5 61 66 21 67 22 67 21 22 70 67 22 20 70 71 70 20 77 78 79 80 79 78 87 88 89 90 89 88 93 53 94 55 94 53 42 97 43 98 43 97 104 105 106 107 106 105 113 114 115 116 115 114 121 122 123 124 123 122 127 128 60 61 60 128 97 134 98 98 134 135 136 135 134 105 141 107 142 107 141 122 146 124 147 124 146 153 154 155 156 155 154 163 164 165 166 165 164 172 173 174 175 174 173 141 179 142 180 142 179 186 187 188 189 188 187 195 196 197 197 196 198 199 198 196 142 180 203 204 203 180 207 208 190 194 190 208</p>
                </triangles>
                <lines count="57" material="Material4">
                    <input offset="0" semantic="VERTEX" source="#ID31" />
                    <p>10 11 12 10 13 12 14 13 14 11 23 24 24 10 23 11 35 36 35 12 36 24 47 35 47 48 48 13 57 14 57 48 62 14 13 63 63 62 57 23 72 57 36 72 81 11 82 81 23 82 72 47 48 99 99 63 108 57 108 62 99 108 129 63 130 129 130 62 137 138 137 129 138 99 143 130 143 108 148 108 138 148 157 129 158 130 158 157 148 167 167 137 176 137 176 157 181 143 181 158 167 143 200 176 200 181 167 200 209 158 181 210 210 209</p>
                </lines>
            </mesh>
        </geometry>
        <geometry id="ID35">
            <mesh>
                <source id="ID36">
                    <float_array id="ID40" count="168">41.75154 -208.6614 0 33.87752 -224.4094 0 33.87752 -208.6614 0 41.75154 -224.4094 0 41.75154 -224.4094 0 41.75154 -208.6614 0 33.87752 -224.4094 0 33.87752 -208.6614 0 41.75154 -208.6614 0 41.75154 -224.4094 0 33.87752 -224.4094 0 33.87752 -208.6614 0 41.75154 -208.6614 0 41.75154 -224.4094 98.4252 41.75154 -224.4094 0 41.75154 -208.6614 98.4252 41.75154 -208.6614 98.4252 41.75154 -208.6614 0 41.75154 -224.4094 98.4252 41.75154 -224.4094 0 41.75154 -208.6614 98.4252 41.75154 -224.4094 98.4252 41.75154 -224.4094 98.4252 33.87752 -224.4094 0 41.75154 -224.4094 0 33.87752 -224.4094 98.4252 33.87752 -224.4094 98.4252 41.75154 -224.4094 98.4252 33.87752 -224.4094 0 41.75154 -224.4094 0 33.87752 -224.4094 98.4252 33.87752 -208.6614 98.4252 33.87752 -224.4094 0 33.87752 -224.4094 98.4252 33.87752 -208.6614 0 33.87752 -208.6614 0 33.87752 -208.6614 98.4252 33.87752 -224.4094 0 33.87752 -224.4094 98.4252 33.87752 -208.6614 98.4252 33.87752 -208.6614 98.4252 41.75154 -208.6614 0 33.87752 -208.6614 0 41.75154 -208.6614 98.4252 41.75154 -208.6614 98.4252 33.87752 -208.6614 98.4252 41.75154 -208.6614 0 33.87752 -208.6614 0 41.75154 -224.4094 98.4252 33.87752 -208.6614 98.4252 33.87752 -224.4094 98.4252 41.75154 -208.6614 98.4252 41.75154 -208.6614 98.4252 41.75154 -224.4094 98.4252 33.87752 -208.6614 98.4252 33.87752 -224.4094 98.4252</float_array>
                    <technique_common>
                        <accessor count="56" source="#ID40" stride="3">
                            <param name="X" type="float" />
                            <param name="Y" type="float" />
                            <param name="Z" type="float" />
                        </accessor>
                    </technique_common>
                </source>
                <source id="ID37">
                    <float_array id="ID41" count="168">0 0 -1 0 0 -1 0 0 -1 0 0 -1 -0 -0 1 -0 -0 1 -0 -0 1 -0 -0 1 0 0 0 0 0 0 0 0 0 0 0 0 1 0 0 1 0 0 1 0 0 1 0 0 -1 -0 -0 -1 -0 -0 -1 -0 -0 -1 -0 -0 0 0 0 0 0 0 -0 -1 -0 -0 -1 -0 -0 -1 -0 -0 -1 -0 0 1 0 0 1 0 0 1 0 0 1 0 0 0 0 -1 0 0 -1 0 0 -1 0 0 -1 0 0 1 -0 -0 1 -0 -0 1 -0 -0 1 -0 -0 0 0 0 0 1 0 0 1 0 0 1 0 0 1 0 -0 -1 -0 -0 -1 -0 -0 -1 -0 -0 -1 -0 0 0 1 0 0 1 0 0 1 0 0 1 -0 -0 -1 -0 -0 -1 -0 -0 -1 -0 -0 -1</float_array>
                    <technique_common>
                        <accessor count="56" source="#ID41" stride="3">
                            <param name="X" type="float" />
                            <param name="Y" type="float" />
                            <param name="Z" type="float" />
                        </accessor>
                    </technique_common>
                </source>
                <source id="ID38">
                    <Name_array id="ID42" count="0" />
                    <technique_common>
                        <accessor count="0" source="#ID42" stride="1">
                            <param name="skp_material" type="Name" />
                        </accessor>
                    </technique_common>
                </source>
                <vertices id="ID39">
                    <input semantic="POSITION" source="#ID36" />
                    <input semantic="NORMAL" source="#ID37" />
                </vertices>
                <triangles count="12" material="Material2">
                    <input offset="0" semantic="VERTEX" source="#ID39" />
                    <p>0 1 2 1 0 3 12 13 14 13 12 15 22 23 24 23 22 25 31 32 33 32 31 34 40 41 42 41 40 43 48 49 50 49 48 51</p>
                </triangles>
                <triangles count="12" material="Material3">
                    <input offset="0" semantic="VERTEX" source="#ID39" />
                    <p>4 5 6 7 6 5 16 17 18 19 18 17 26 27 28 29 28 27 35 36 37 38 37 36 44 45 46 47 46 45 52 53 54 55 54 53</p>
                </triangles>
                <lines count="12" material="Material4">
                    <input offset="0" semantic="VERTEX" source="#ID39" />
                    <p>8 9 10 9 10 11 11 8 8 20 20 21 9 21 30 21 10 30 30 39 11 39 39 20</p>
                </lines>
            </mesh>
        </geometry>
        <geometry id="ID43">
            <mesh>
                <source id="ID44">
                    <float_array id="ID46" count="6">0 82.67717 39.37008 0 92.51969 39.37008</float_array>
                    <technique_common>
                        <accessor count="2" source="#ID46" stride="3">
                            <param name="X" type="float" />
                            <param name="Y" type="float" />
                            <param name="Z" type="float" />
                        </accessor>
                    </technique_common>
                </source>
                <vertices id="ID45">
                    <input semantic="POSITION" source="#ID44" />
                </vertices>
                <lines count="1" material="Material2">
                    <input offset="0" semantic="VERTEX" source="#ID45" />
                    <p>1 0</p>
                </lines>
            </mesh>
        </geometry>
        <geometry id="ID47">
            <mesh>
                <source id="ID48">
                    <float_array id="ID50" count="6">3.937008 -78.74016 82.67717 3.937008 -82.67717 82.67717</float_array>
                    <technique_common>
                        <accessor count="2" source="#ID50" stride="3">
                            <param name="X" type="float" />
                            <param name="Y" type="float" />
                            <param name="Z" type="float" />
                        </accessor>
                    </technique_common>
                </source>
                <vertices id="ID49">
                    <input semantic="POSITION" source="#ID48" />
                </vertices>
                <lines count="1" material="Material2">
                    <input offset="0" semantic="VERTEX" source="#ID49" />
                    <p>1 0</p>
                </lines>
            </mesh>
        </geometry>
        <geometry id="ID52">
            <mesh>
                <source id="ID53">
                    <float_array id="ID57" count="870">4.830058 5.081826 11.81102 1.421085e-14 90.15748 11.81102 0 0 11.81102 9.9637 9.856776 11.81102 15.38146 14.30675 11.81102 21.06281 18.41487 11.81102 26.98621 22.16558 11.81102 138.2082 90.15748 11.81102 33.1292 25.54464 11.81102 39.4685 28.53926 11.81102 45.98007 31.13808 11.81102 52.63923 33.33125 11.81102 59.42074 35.11045 11.81102 66.29889 36.46894 11.81102 73.2476 37.40157 11.81102 79.59895 38.27869 11.81102 85.87446 39.59287 11.81102 92.04407 41.33784 11.81102 98.07825 43.50524 11.81102 103.9481 46.08469 11.81102 109.6256 49.06385 11.81102 115.0835 52.42846 11.81102 120.2956 56.16241 11.81102 125.2371 60.24782 11.81102 129.8843 64.66515 11.81102 134.2149 69.39323 11.81102 138.2082 74.40945 11.81102 138.2082 74.40945 11.81102 134.2149 69.39323 11.81102 138.2082 90.15748 11.81102 129.8843 64.66515 11.81102 125.2371 60.24782 11.81102 120.2956 56.16241 11.81102 115.0835 52.42846 11.81102 109.6256 49.06385 11.81102 103.9481 46.08469 11.81102 98.07825 43.50524 11.81102 92.04407 41.33784 11.81102 85.87446 39.59287 11.81102 79.59895 38.27869 11.81102 73.2476 37.40157 11.81102 66.29889 36.46894 11.81102 59.42074 35.11045 11.81102 52.63923 33.33125 11.81102 45.98007 31.13808 11.81102 39.4685 28.53926 11.81102 33.1292 25.54464 11.81102 26.98621 22.16558 11.81102 1.421085e-14 90.15748 11.81102 21.06281 18.41487 11.81102 15.38146 14.30675 11.81102 9.9637 9.856776 11.81102 4.830058 5.081826 11.81102 0 0 11.81102 138.2082 74.40945 11.81102 138.2082 90.15748 11.81102 1.421085e-14 90.15748 11.81102 0 0 11.81102 4.830058 5.081826 11.81102 9.9637 9.856776 11.81102 15.38146 14.30675 11.81102 21.06281 18.41487 11.81102 26.98621 22.16558 11.81102 33.1292 25.54464 11.81102 39.4685 28.53926 11.81102 45.98007 31.13808 11.81102 52.63923 33.33125 11.81102 59.42074 35.11045 11.81102 66.29889 36.46894 11.81102 73.2476 37.40157 11.81102 79.59895 38.27869 11.81102 85.87446 39.59287 11.81102 92.04407 41.33784 11.81102 98.07825 43.50524 11.81102 103.9481 46.08469 11.81102 109.6256 49.06385 11.81102 115.0835 52.42846 11.81102 120.2956 56.16241 11.81102 125.2371 60.24782 11.81102 129.8843 64.66515 11.81102 134.2149 69.39323 11.81102 138.2082 90.15748 0 138.2082 74.40945 11.81102 138.2082 74.40945 0 138.2082 90.15748 11.81102 138.2082 90.15748 11.81102 138.2082 90.15748 0 138.2082 74.40945 11.81102 138.2082 74.40945 0 138.2082 74.40945 0 138.2082 90.15748 0 1.421085e-14 90.15748 11.81102 138.2082 90.15748 0 1.421085e-14 90.15748 0 138.2082 90.15748 11.81102 138.2082 90.15748 11.81102 1.421085e-14 90.15748 11.81102 138.2082 90.15748 0 1.421085e-14 90.15748 0 1.421085e-14 90.15748 0 1.421085e-14 90.15748 11.81102 0 0 0 0 0 11.81102 1.421085e-14 90.15748 0 1.421085e-14 90.15748 0 1.421085e-14 90.15748 11.81102 0 0 0 0 0 11.81102 0 0 0 4.830058 5.081826 0 0 0 11.81102 0 0 0 4.830058 5.081826 11.81102 4.830058 5.081826 11.81102 4.830058 5.081826 0 0 0 11.81102 0 0 0 4.830058 5.081826 0 9.9637 9.856776 11.81102 9.9637 9.856776 0 9.9637 9.856776 11.81102 9.9637 9.856776 0 9.9637 9.856776 0 15.38146 14.30675 11.81102 15.38146 14.30675 0 15.38146 14.30675 11.81102 15.38146 14.30675 0 15.38146 14.30675 0 21.06281 18.41487 11.81102 21.06281 18.41487 0 21.06281 18.41487 11.81102 21.06281 18.41487 0 21.06281 18.41487 0 26.98621 22.16558 11.81102 26.98621 22.16558 0 26.98621 22.16558 11.81102 26.98621 22.16558 0 26.98621 22.16558 0 33.1292 25.54464 11.81102 33.1292 25.54464 0 33.1292 25.54464 11.81102 33.1292 25.54464 0 33.1292 25.54464 0 39.4685 28.53926 11.81102 39.4685 28.53926 0 39.4685 28.53926 11.81102 39.4685 28.53926 0 39.4685 28.53926 0 45.98007 31.13808 11.81102 45.98007 31.13808 0 45.98007 31.13808 11.81102 45.98007 31.13808 0 45.98007 31.13808 0 52.63923 33.33125 11.81102 52.63923 33.33125 0 52.63923 33.33125 11.81102 52.63923 33.33125 0 52.63923 33.33125 0 59.42074 35.11045 11.81102 59.42074 35.11045 0 59.42074 35.11045 11.81102 59.42074 35.11045 0 59.42074 35.11045 0 66.29889 36.46894 11.81102 66.29889 36.46894 0 66.29889 36.46894 11.81102 66.29889 36.46894 0 66.29889 36.46894 0 73.2476 37.40157 11.81102 73.2476 37.40157 0 73.2476 37.40157 11.81102 73.2476 37.40157 0 73.2476 37.40157 0 79.59895 38.27869 11.81102 73.2476 37.40157 0 79.59895 38.27869 0 73.2476 37.40157 11.81102 73.2476 37.40157 11.81102 79.59895 38.27869 11.81102 73.2476 37.40157 0 79.59895 38.27869 0 79.59895 38.27869 0 85.87446 39.59287 11.81102 85.87446 39.59287 0 85.87446 39.59287 11.81102 85.87446 39.59287 0 85.87446 39.59287 0 92.04407 41.33784 11.81102 92.04407 41.33784 0 92.04407 41.33784 11.81102 92.04407 41.33784 0 92.04407 41.33784 0 98.07825 43.50524 11.81102 98.07825 43.50524 0 98.07825 43.50524 11.81102 98.07825 43.50524 0 98.07825 43.50524 0 103.9481 46.08469 11.81102 103.9481 46.08469 0 103.9481 46.08469 11.81102 103.9481 46.08469 0 103.9481 46.08469 0 109.6256 49.06385 11.81102 109.6256 49.06385 0 109.6256 49.06385 11.81102 109.6256 49.06385 0 109.6256 49.06385 0 115.0835 52.42846 11.81102 115.0835 52.42846 0 115.0835 52.42846 11.81102 115.0835 52.42846 0 115.0835 52.42846 0 120.2956 56.16241 11.81102 120.2956 56.16241 0 120.2956 56.16241 11.81102 120.2956 56.16241 0 120.2956 56.16241 0 125.2371 60.24782 11.81102 125.2371 60.24782 0 125.2371 60.24782 11.81102 125.2371 60.24782 0 125.2371 60.24782 0 129.8843 64.66515 11.81102 129.8843 64.66515 0 129.8843 64.66515 11.81102 129.8843 64.66515 0 129.8843 64.66515 0 134.2149 69.39323 0 134.2149 69.39323 11.81102 134.2149 69.39323 11.81102 134.2149 69.39323 0 134.2149 69.39323 0 138.2082 74.40945 0 138.2082 74.40945 11.81102 138.2082 74.40945 11.81102 138.2082 74.40945 0 1.421085e-14 90.15748 0 4.830058 5.081826 0 0 0 0 9.9637 9.856776 0 15.38146 14.30675 0 21.06281 18.41487 0 26.98621 22.16558 0 138.2082 90.15748 0 33.1292 25.54464 0 39.4685 28.53926 0 45.98007 31.13808 0 52.63923 33.33125 0 59.42074 35.11045 0 66.29889 36.46894 0 73.2476 37.40157 0 79.59895 38.27869 0 85.87446 39.59287 0 92.04407 41.33784 0 98.07825 43.50524 0 103.9481 46.08469 0 109.6256 49.06385 0 115.0835 52.42846 0 120.2956 56.16241 0 125.2371 60.24782 0 129.8843 64.66515 0 134.2149 69.39323 0 138.2082 74.40945 0 138.2082 74.40945 0 138.2082 90.15748 0 134.2149 69.39323 0 129.8843 64.66515 0 125.2371 60.24782 0 120.2956 56.16241 0 115.0835 52.42846 0 109.6256 49.06385 0 103.9481 46.08469 0 98.07825 43.50524 0 92.04407 41.33784 0 85.87446 39.59287 0 79.59895 38.27869 0 73.2476 37.40157 0 66.29889 36.46894 0 59.42074 35.11045 0 52.63923 33.33125 0 45.98007 31.13808 0 39.4685 28.53926 0 33.1292 25.54464 0 26.98621 22.16558 0 1.421085e-14 90.15748 0 21.06281 18.41487 0 15.38146 14.30675 0 9.9637 9.856776 0 4.830058 5.081826 0 0 0 0</float_array>
                    <technique_common>
                        <accessor count="290" source="#ID57" stride="3">
                            <param name="X" type="float" />
                            <param name="Y" type="float" />
                            <param name="Z" type="float" />
                        </accessor>
                    </technique_common>
                </source>
                <source id="ID54">
                    <float_array id="ID58" count="870">0 0 1 0 0 1 0 0 1 0 0 1 0 0 1 0 0 1 0 0 1 0 0 1 0 0 1 0 0 1 0 0 1 0 0 1 0 0 1 0 0 1 0 0 1 0 0 1 0 0 1 0 0 1 0 0 1 0 0 1 0 0 1 0 0 1 0 0 1 0 0 1 0 0 1 0 0 1 0 0 1 -0 -0 -1 -0 -0 -1 -0 -0 -1 -0 -0 -1 -0 -0 -1 -0 -0 -1 -0 -0 -1 -0 -0 -1 -0 -0 -1 -0 -0 -1 -0 -0 -1 -0 -0 -1 -0 -0 -1 -0 -0 -1 -0 -0 -1 -0 -0 -1 -0 -0 -1 -0 -0 -1 -0 -0 -1 -0 -0 -1 -0 -0 -1 -0 -0 -1 -0 -0 -1 -0 -0 -1 -0 -0 -1 -0 -0 -1 -0 -0 -1 0 0 0 0 0 0 0 0 0 0 0 0 0 0 0 0 0 0 0 0 0 0 0 0 0 0 0 0 0 0 0 0 0 0 0 0 0 0 0 0 0 0 0 0 0 0 0 0 0 0 0 0 0 0 0 0 0 0 0 0 0 0 0 0 0 0 0 0 0 0 0 0 0 0 0 0 0 0 0 0 0 1 0 0 1 0 0 1 0 0 1 0 0 -1 -0 -0 -1 -0 -0 -1 -0 -0 -1 -0 -0 0 0 0 0 0 0 0 1 0 0 1 0 0 1 0 0 1 0 -0 -1 -0 -0 -1 -0 -0 -1 -0 -0 -1 -0 0 0 0 -1 1.576226e-16 0 -1 1.576226e-16 0 -1 1.576226e-16 0 -1 1.576226e-16 0 1 -1.576226e-16 -0 1 -1.576226e-16 -0 1 -1.576226e-16 -0 1 -1.576226e-16 -0 0 0 0 0.703282 -0.710911 0 0.7248339 -0.6889236 0 0.7248339 -0.6889236 0 0.703282 -0.710911 0 -0.703282 0.710911 -0 -0.703282 0.710911 -0 -0.7248339 0.6889236 -0 -0.7248339 0.6889236 -0 0 0 0 0.6581991 -0.7528439 0 0.6581991 -0.7528439 0 -0.6581991 0.7528439 -0 -0.6581991 0.7528439 -0 0 0 0 0.6106211 -0.7919229 0 0.6106211 -0.7919229 0 -0.6106211 0.7919229 -0 -0.6106211 0.7919229 -0 0 0 0 0.5607283 -0.8279998 0 0.5607283 -0.8279998 0 -0.5607283 0.8279998 -0 -0.5607283 0.8279998 -0 0 0 0 0.5087099 -0.860938 0 0.5087099 -0.860938 0 -0.5087099 0.860938 -0 -0.5087099 0.860938 -0 0 0 0 0.4547631 -0.8906124 0 0.4547631 -0.8906124 0 -0.4547631 0.8906124 -0 -0.4547631 0.8906124 -0 0 0 0 0.3990924 -0.9169107 0 0.3990924 -0.9169107 0 -0.3990924 0.9169107 -0 -0.3990924 0.9169107 -0 0 0 0 0.3419087 -0.9397332 0 0.3419087 -0.9397332 0 -0.3419087 0.9397332 -0 -0.3419087 0.9397332 -0 0 0 0 0.2834289 -0.9589932 0 0.2834289 -0.9589932 0 -0.2834289 0.9589932 -0 -0.2834289 0.9589932 -0 0 0 0 0.2238747 -0.9746179 0 0.2238747 -0.9746179 0 -0.2238747 0.9746179 -0 -0.2238747 0.9746179 -0 0 0 0 0.1634719 -0.986548 0 0.1634719 -0.986548 0 -0.1634719 0.986548 -0 -0.1634719 0.986548 -0 0 0 0 0.1330236 -0.9911129 0 0.1330236 -0.9911129 0 -0.1330236 0.9911129 -0 -0.1330236 0.9911129 -0 0 0 0 0.1709868 -0.9852733 0 0.1367999 -0.9905987 0 0.1709868 -0.9852733 0 0.1367999 -0.9905987 0 -0.1367999 0.9905987 -0 -0.1709868 0.9852733 -0 -0.1367999 0.9905987 -0 -0.1709868 0.9852733 -0 0 0 0 0.2387057 -0.9710919 0 0.2387057 -0.9710919 0 -0.2387057 0.9710919 -0 -0.2387057 0.9710919 -0 0 0 0 0.305282 -0.952262 0 0.305282 -0.952262 0 -0.305282 0.952262 -0 -0.305282 0.952262 -0 0 0 0 0.3703969 -0.9288736 0 0.3703969 -0.9288736 0 -0.3703969 0.9288736 -0 -0.3703969 0.9288736 -0 0 0 0 0.4337388 -0.9010387 0 0.4337388 -0.9010387 0 -0.4337388 0.9010387 -0 -0.4337388 0.9010387 -0 0 0 0 0.4950043 -0.8688905 0 0.4950043 -0.8688905 0 -0.4950043 0.8688905 -0 -0.4950043 0.8688905 -0 0 0 0 0.5539003 -0.832583 0 0.5539003 -0.832583 0 -0.5539003 0.832583 -0 -0.5539003 0.832583 -0 0 0 0 0.6101447 -0.79229 0 0.6101447 -0.79229 0 -0.6101447 0.79229 -0 -0.6101447 0.79229 -0 0 0 0 0.6634684 -0.7482043 0 0.6634684 -0.7482043 0 -0.6634684 0.7482043 -0 -0.6634684 0.7482043 -0 0 0 0 0.7136162 -0.7005369 0 0.7136162 -0.7005369 0 -0.7136162 0.7005369 -0 -0.7136162 0.7005369 -0 0 0 0 0.7603478 -0.6495161 0 0.7603478 -0.6495161 0 -0.7603478 0.6495161 -0 -0.7603478 0.6495161 -0 0 0 0 0.7823621 -0.6228239 0 0.7823621 -0.6228239 0 -0.7823621 0.6228239 -0 -0.7823621 0.6228239 -0 -0 -0 -1 -0 -0 -1 -0 -0 -1 -0 -0 -1 -0 -0 -1 -0 -0 -1 -0 -0 -1 -0 -0 -1 -0 -0 -1 -0 -0 -1 -0 -0 -1 -0 -0 -1 -0 -0 -1 -0 -0 -1 -0 -0 -1 -0 -0 -1 -0 -0 -1 -0 -0 -1 -0 -0 -1 -0 -0 -1 -0 -0 -1 -0 -0 -1 -0 -0 -1 -0 -0 -1 -0 -0 -1 -0 -0 -1 -0 -0 -1 0 0 1 0 0 1 0 0 1 0 0 1 0 0 1 0 0 1 0 0 1 0 0 1 0 0 1 0 0 1 0 0 1 0 0 1 0 0 1 0 0 1 0 0 1 0 0 1 0 0 1 0 0 1 0 0 1 0 0 1 0 0 1 0 0 1 0 0 1 0 0 1 0 0 1 0 0 1 0 0 1</float_array>
                    <technique_common>
                        <accessor count="290" source="#ID58" stride="3">
                            <param name="X" type="float" />
                            <param name="Y" type="float" />
                            <param name="Z" type="float" />
                        </accessor>
                    </technique_common>
                </source>
                <source id="ID55">
                    <Name_array id="ID59" count="0" />
                    <technique_common>
                        <accessor count="0" source="#ID59" stride="1">
                            <param name="skp_material" type="Name" />
                        </accessor>
                    </technique_common>
                </source>
                <vertices id="ID56">
                    <input semantic="POSITION" source="#ID53" />
                    <input semantic="NORMAL" source="#ID54" />
                </vertices>
                <triangles count="104" material="Material2">
                    <input offset="0" semantic="VERTEX" source="#ID56" />
                    <p>0 1 2 1 0 3 1 3 4 1 4 5 1 5 6 1 6 7 7 6 8 7 8 9 7 9 10 7 10 11 7 11 12 7 12 13 7 13 14 7 14 15 7 15 16 7 16 17 7 17 18 7 18 19 7 19 20 7 20 21 7 21 22 7 22 23 7 23 24 7 24 25 7 25 26 81 82 83 82 81 84 91 92 93 92 91 94 100 101 102 101 100 103 109 110 111 110 109 112 118 109 119 109 118 112 123 119 124 119 123 118 128 124 129 124 128 123 133 129 134 129 133 128 138 134 139 134 138 133 143 139 144 139 143 138 148 144 149 144 148 143 153 149 154 149 153 148 158 154 159 154 158 153 163 159 164 159 163 158 168 164 169 164 168 163 173 174 175 174 173 176 182 175 183 175 182 173 187 183 188 183 187 182 192 188 193 188 192 187 197 193 198 193 197 192 202 198 203 198 202 197 207 203 208 203 207 202 212 208 213 208 212 207 217 213 218 213 217 212 222 218 223 218 222 217 227 222 223 222 227 228 232 228 227 228 232 233 236 237 238 237 236 239 239 236 240 240 236 241 241 236 242 242 236 243 242 243 244 244 243 245 245 243 246 246 243 247 247 243 248 248 243 249 249 243 250 250 243 251 251 243 252 252 243 253 253 243 254 254 243 255 255 243 256 256 243 257 257 243 258 258 243 259 259 243 260 260 243 261 261 243 262</p>
                </triangles>
                <triangles count="104" material="Material3">
                    <input offset="0" semantic="VERTEX" source="#ID56" />
                    <p>27 28 29 28 30 29 30 31 29 31 32 29 32 33 29 33 34 29 34 35 29 35 36 29 36 37 29 37 38 29 38 39 29 39 40 29 40 41 29 41 42 29 42 43 29 43 44 29 44 45 29 45 46 29 46 47 29 29 47 48 47 49 48 49 50 48 50 51 48 51 52 48 53 48 52 85 86 87 88 87 86 95 96 97 98 97 96 104 105 106 107 106 105 113 114 115 116 115 114 113 120 114 121 114 120 120 125 121 126 121 125 125 130 126 131 126 130 130 135 131 136 131 135 135 140 136 141 136 140 140 145 141 146 141 145 145 150 146 151 146 150 150 155 151 156 151 155 155 160 156 161 156 160 160 165 161 166 161 165 165 170 166 171 166 170 177 178 179 180 179 178 178 184 180 185 180 184 184 189 185 190 185 189 189 194 190 195 190 194 194 199 195 200 195 199 199 204 200 205 200 204 204 209 205 210 205 209 209 214 210 215 210 214 214 219 215 220 215 219 219 224 220 225 220 224 229 230 224 225 224 230 234 235 229 230 229 235 263 264 265 265 264 266 266 264 267 267 264 268 268 264 269 269 264 270 270 264 271 271 264 272 272 264 273 273 264 274 274 264 275 275 264 276 276 264 277 277 264 278 278 264 279 279 264 280 280 264 281 281 264 282 282 264 283 264 284 283 283 284 285 285 284 286 286 284 287 287 284 288 289 288 284</p>
                </triangles>
                <lines count="81" material="Material4">
                    <input offset="0" semantic="VERTEX" source="#ID56" />
                    <p>54 55 55 56 56 57 58 57 59 58 60 59 61 60 62 61 63 62 64 63 65 64 66 65 67 66 68 67 69 68 70 69 71 70 72 71 73 72 74 73 75 74 76 75 77 76 78 77 79 78 80 79 54 80 54 89 89 90 55 90 90 99 56 99 99 108 57 108 117 108 58 117 122 117 59 122 127 122 60 127 132 127 61 132 137 132 62 137 142 137 63 142 147 142 64 147 152 147 65 152 157 152 66 157 162 157 67 162 167 162 68 167 172 167 69 172 181 172 70 181 186 181 71 186 191 186 72 191 196 191 73 196 201 196 74 201 206 201 75 206 211 206 76 211 216 211 77 216 221 216 78 221 226 221 79 226 231 226 80 231 89 231</p>
                </lines>
            </mesh>
        </geometry>
        <geometry id="ID60">
            <mesh>
                <source id="ID61">
                    <float_array id="ID65" count="456">139.3248 169.1203 11.81102 132.6608 170.2626 0 139.3248 169.1203 0 132.6608 170.2626 11.81102 132.6608 170.2626 11.81102 139.3248 169.1203 11.81102 132.6608 170.2626 0 139.3248 169.1203 0 132.6608 170.2626 11.81102 139.3248 169.1203 11.81102 132.6608 170.2626 0 139.3248 169.1203 0 95.12384 213.3212 11.81102 146.0822 220.0787 11.81102 94.90114 220.0787 11.81102 96.26606 206.6573 11.81102 98.30647 200.2113 11.81102 101.2069 194.1039 11.81102 104.9133 188.4491 11.81102 109.3562 183.3526 11.81102 114.4526 178.9097 11.81102 120.1074 175.2034 11.81102 126.2148 172.303 11.81102 132.6608 170.2626 11.81102 139.3248 169.1203 11.81102 146.0822 168.8976 11.81102 146.0822 168.8976 11.81102 139.3248 169.1203 11.81102 146.0822 220.0787 11.81102 132.6608 170.2626 11.81102 126.2148 172.303 11.81102 120.1074 175.2034 11.81102 114.4526 178.9097 11.81102 109.3562 183.3526 11.81102 104.9133 188.4491 11.81102 101.2069 194.1039 11.81102 98.30647 200.2113 11.81102 96.26606 206.6573 11.81102 95.12384 213.3212 11.81102 94.90114 220.0787 11.81102 146.0822 220.0787 11.81102 94.90114 220.0787 11.81102 95.12384 213.3212 11.81102 96.26606 206.6573 11.81102 98.30647 200.2113 11.81102 101.2069 194.1039 11.81102 104.9133 188.4491 11.81102 109.3562 183.3526 11.81102 114.4526 178.9097 11.81102 120.1074 175.2034 11.81102 126.2148 172.303 11.81102 146.0822 168.8976 11.81102 126.2148 172.303 0 126.2148 172.303 11.81102 126.2148 172.303 11.81102 126.2148 172.303 0 126.2148 172.303 0 146.0822 220.0787 0 95.12384 213.3212 0 94.90114 220.0787 0 96.26606 206.6573 0 98.30647 200.2113 0 101.2069 194.1039 0 104.9133 188.4491 0 109.3562 183.3526 0 114.4526 178.9097 0 120.1074 175.2034 0 126.2148 172.303 0 132.6608 170.2626 0 139.3248 169.1203 0 146.0822 168.8976 0 146.0822 168.8976 0 146.0822 220.0787 0 139.3248 169.1203 0 132.6608 170.2626 0 126.2148 172.303 0 120.1074 175.2034 0 114.4526 178.9097 0 109.3562 183.3526 0 104.9133 188.4491 0 101.2069 194.1039 0 98.30647 200.2113 0 96.26606 206.6573 0 95.12384 213.3212 0 94.90114 220.0787 0 146.0822 220.0787 0 94.90114 220.0787 0 146.0822 168.8976 0 120.1074 175.2034 0 114.4526 178.9097 0 109.3562 183.3526 0 104.9133 188.4491 0 101.2069 194.1039 0 98.30647 200.2113 0 96.26606 206.6573 0 95.12384 213.3212 0 146.0822 168.8976 11.81102 146.0822 168.8976 0 146.0822 168.8976 11.81102 146.0822 168.8976 0 94.90114 220.0787 11.81102 146.0822 220.0787 0 94.90114 220.0787 0 146.0822 220.0787 11.81102 146.0822 220.0787 11.81102 94.90114 220.0787 11.81102 146.0822 220.0787 0 94.90114 220.0787 0 94.90114 220.0787 11.81102 95.12384 213.3212 0 95.12384 213.3212 11.81102 94.90114 220.0787 0 94.90114 220.0787 0 94.90114 220.0787 11.81102 95.12384 213.3212 0 95.12384 213.3212 11.81102 96.26606 206.6573 0 96.26606 206.6573 11.81102 96.26606 206.6573 0 96.26606 206.6573 11.81102 98.30647 200.2113 0 98.30647 200.2113 11.81102 98.30647 200.2113 0 98.30647 200.2113 11.81102 101.2069 194.1039 0 101.2069 194.1039 11.81102 101.2069 194.1039 0 101.2069 194.1039 11.81102 104.9133 188.4491 0 104.9133 188.4491 11.81102 104.9133 188.4491 0 104.9133 188.4491 11.81102 109.3562 183.3526 0 109.3562 183.3526 11.81102 109.3562 183.3526 0 109.3562 183.3526 11.81102 114.4526 178.9097 11.81102 114.4526 178.9097 0 114.4526 178.9097 11.81102 114.4526 178.9097 0 120.1074 175.2034 11.81102 120.1074 175.2034 0 120.1074 175.2034 11.81102 120.1074 175.2034 0 146.0822 220.0787 0 146.0822 168.8976 11.81102 146.0822 168.8976 0 146.0822 220.0787 11.81102 146.0822 220.0787 11.81102 146.0822 220.0787 0 146.0822 168.8976 11.81102 146.0822 168.8976 0</float_array>
                    <technique_common>
                        <accessor count="152" source="#ID65" stride="3">
                            <param name="X" type="float" />
                            <param name="Y" type="float" />
                            <param name="Z" type="float" />
                        </accessor>
                    </technique_common>
                </source>
                <source id="ID62">
                    <float_array id="ID66" count="456">-0.1011746 -0.9948687 0 -0.2359131 -0.9717742 0 -0.1011746 -0.9948687 0 -0.2359131 -0.9717742 0 0.2359131 0.9717742 -0 0.1011746 0.9948687 -0 0.2359131 0.9717742 -0 0.1011746 0.9948687 -0 0 0 0 0 0 0 0 0 0 0 0 0 0 0 1 0 0 1 0 0 1 0 0 1 0 0 1 0 0 1 0 0 1 0 0 1 0 0 1 0 0 1 0 0 1 0 0 1 0 0 1 0 0 1 -0 -0 -1 -0 -0 -1 -0 -0 -1 -0 -0 -1 -0 -0 -1 -0 -0 -1 -0 -0 -1 -0 -0 -1 -0 -0 -1 -0 -0 -1 -0 -0 -1 -0 -0 -1 -0 -0 -1 -0 -0 -1 0 0 0 0 0 0 0 0 0 0 0 0 0 0 0 0 0 0 0 0 0 0 0 0 0 0 0 0 0 0 0 0 0 0 0 0 -0.3662428 -0.9305193 0 -0.3662428 -0.9305193 0 0.3662428 0.9305193 -0 0.3662428 0.9305193 -0 0 0 0 -0 -0 -1 -0 -0 -1 -0 -0 -1 -0 -0 -1 -0 -0 -1 -0 -0 -1 -0 -0 -1 -0 -0 -1 -0 -0 -1 -0 -0 -1 -0 -0 -1 -0 -0 -1 -0 -0 -1 -0 -0 -1 0 0 1 0 0 1 0 0 1 0 0 1 0 0 1 0 0 1 0 0 1 0 0 1 0 0 1 0 0 1 0 0 1 0 0 1 0 0 1 0 0 1 0 0 0 0 0 0 0 0 0 0 0 0 0 0 0 0 0 0 0 0 0 0 0 0 0 0 0 0 0 0 0 0 0 -0.03293704 -0.9994574 0 -0.03293704 -0.9994574 0 0.03293704 0.9994574 -0 0.03293704 0.9994574 -0 0 1 0 0 1 0 0 1 0 0 1 0 -0 -1 -0 -0 -1 -0 -0 -1 -0 -0 -1 -0 -0.9994574 -0.03293704 0 -0.9948687 -0.1011746 0 -0.9948687 -0.1011746 0 -0.9994574 -0.03293704 0 0.9994574 0.03293704 -0 0.9994574 0.03293704 -0 0.9948687 0.1011746 -0 0.9948687 0.1011746 -0 -0.9717742 -0.2359131 0 -0.9717742 -0.2359131 0 0.9717742 0.2359131 -0 0.9717742 0.2359131 -0 -0.9305193 -0.3662428 0 -0.9305193 -0.3662428 0 0.9305193 0.3662428 -0 0.9305193 0.3662428 -0 -0.8718751 -0.4897283 0 -0.8718751 -0.4897283 0 0.8718751 0.4897283 -0 0.8718751 0.4897283 -0 -0.7969374 -0.6040618 0 -0.7969374 -0.6040618 0 0.7969374 0.6040618 -0 0.7969374 0.6040618 -0 -0.7071068 -0.7071068 0 -0.7071068 -0.7071068 0 0.7071068 0.7071068 -0 0.7071068 0.7071068 -0 -0.6040618 -0.7969374 0 -0.6040618 -0.7969374 0 0.6040618 0.7969374 -0 0.6040618 0.7969374 -0 -0.4897283 -0.8718751 0 -0.4897283 -0.8718751 0 0.4897283 0.8718751 -0 0.4897283 0.8718751 -0 1 0 0 1 0 0 1 0 0 1 0 0 -1 -0 -0 -1 -0 -0 -1 -0 -0 -1 -0 -0</float_array>
                    <technique_common>
                        <accessor count="152" source="#ID66" stride="3">
                            <param name="X" type="float" />
                            <param name="Y" type="float" />
                            <param name="Z" type="float" />
                        </accessor>
                    </technique_common>
                </source>
                <source id="ID63">
                    <Name_array id="ID67" count="0" />
                    <technique_common>
                        <accessor count="0" source="#ID67" stride="1">
                            <param name="skp_material" type="Name" />
                        </accessor>
                    </technique_common>
                </source>
                <vertices id="ID64">
                    <input semantic="POSITION" source="#ID61" />
                    <input semantic="NORMAL" source="#ID62" />
                </vertices>
                <triangles count="52" material="Material2">
                    <input offset="0" semantic="VERTEX" source="#ID64" />
                    <p>0 1 2 1 0 3 12 13 14 13 12 15 13 15 16 13 16 17 13 17 18 13 18 19 13 19 20 13 20 21 13 21 22 13 22 23 13 23 24 13 24 25 3 52 1 52 3 53 57 58 59 58 57 60 60 57 61 61 57 62 62 57 63 63 57 64 64 57 65 65 57 66 66 57 67 67 57 68 68 57 69 69 57 70 96 2 97 2 96 0 100 101 102 101 100 103 108 109 110 109 108 111 110 116 117 116 110 109 117 120 121 120 117 116 121 124 125 124 121 120 125 128 129 128 125 124 129 132 133 132 129 128 136 132 137 132 136 133 140 137 141 137 140 136 53 141 52 141 53 140 144 145 146 145 144 147</p>
                </triangles>
                <triangles count="52" material="Material3">
                    <input offset="0" semantic="VERTEX" source="#ID64" />
                    <p>4 5 6 7 6 5 26 27 28 27 29 28 29 30 28 30 31 28 31 32 28 32 33 28 33 34 28 34 35 28 35 36 28 36 37 28 37 38 28 39 28 38 54 4 55 6 55 4 71 72 73 73 72 74 74 72 75 75 72 76 76 72 77 77 72 78 78 72 79 79 72 80 80 72 81 81 72 82 82 72 83 84 83 72 5 98 7 99 7 98 104 105 106 107 106 105 112 113 114 115 114 113 114 115 118 119 118 115 118 119 122 123 122 119 122 123 126 127 126 123 126 127 130 131 130 127 130 131 134 135 134 131 135 138 134 139 134 138 138 142 139 143 139 142 142 54 143 55 143 54 148 149 150 151 150 149</p>
                </triangles>
                <lines count="42" material="Material4">
                    <input offset="0" semantic="VERTEX" source="#ID64" />
                    <p>8 9 8 10 10 11 9 11 40 41 41 42 42 43 43 44 44 45 45 46 46 47 47 48 48 49 49 50 50 8 9 51 40 51 50 56 56 10 85 86 85 87 11 87 88 56 89 88 90 89 91 90 92 91 93 92 94 93 95 94 86 95 51 87 40 85 41 86 42 95 43 94 44 93 45 92 46 91 47 90 48 89 49 88</p>
                </lines>
            </mesh>
        </geometry>
        <geometry id="ID68">
            <mesh>
                <source id="ID69">
                    <float_array id="ID73" count="150">65.74803 -70.01656 11.81102 146.0822 -70.01656 -3.937008 65.74803 -70.01656 -3.937008 146.0822 -70.01656 11.81102 146.0822 -70.01656 11.81102 65.74803 -70.01656 11.81102 146.0822 -70.01656 -3.937008 65.74803 -70.01656 -3.937008 146.0822 -70.01656 -3.937008 146.0822 -70.01656 11.81102 65.74803 -70.01656 -3.937008 65.74803 -70.01656 11.81102 146.0822 -70.01656 -3.937008 65.74803 -121.1977 -3.937008 65.74803 -70.01656 -3.937008 69.29134 -121.1977 -3.937008 106.6929 -121.1977 -3.937008 110.6299 -121.1977 -3.937008 146.0822 -121.1977 -3.937008 146.0822 -121.1977 -3.937008 146.0822 -70.01656 -3.937008 110.6299 -121.1977 -3.937008 106.6929 -121.1977 -3.937008 69.29134 -121.1977 -3.937008 65.74803 -121.1977 -3.937008 65.74803 -70.01656 -3.937008 146.0822 -121.1977 -3.937008 110.6299 -121.1977 -3.937008 106.6929 -121.1977 -3.937008 69.29134 -121.1977 -3.937008 65.74803 -121.1977 -3.937008 69.29134 -121.1977 11.81102 65.74803 -70.01656 11.81102 65.74803 -121.1977 11.81102 146.0822 -70.01656 11.81102 106.6929 -121.1977 11.81102 110.6299 -121.1977 11.81102 146.0822 -121.1977 11.81102 146.0822 -121.1977 11.81102 110.6299 -121.1977 11.81102 146.0822 -70.01656 11.81102 106.6929 -121.1977 11.81102 69.29134 -121.1977 11.81102 65.74803 -70.01656 11.81102 65.74803 -121.1977 11.81102 146.0822 -121.1977 11.81102 65.74803 -121.1977 11.81102 69.29134 -121.1977 11.81102 106.6929 -121.1977 11.81102 110.6299 -121.1977 11.81102</float_array>
                    <technique_common>
                        <accessor count="50" source="#ID73" stride="3">
                            <param name="X" type="float" />
                            <param name="Y" type="float" />
                            <param name="Z" type="float" />
                        </accessor>
                    </technique_common>
                </source>
                <source id="ID70">
                    <float_array id="ID74" count="150">0 1 0 0 1 0 0 1 0 0 1 0 -0 -1 -0 -0 -1 -0 -0 -1 -0 -0 -1 -0 0 0 0 0 0 0 0 0 0 0 0 0 -4.457007e-16 -1.889388e-15 -1 -4.457007e-16 -1.889388e-15 -1 -4.457007e-16 -1.889388e-15 -1 -4.457007e-16 -1.889388e-15 -1 -4.457007e-16 -1.889388e-15 -1 -4.457007e-16 -1.889388e-15 -1 -4.457007e-16 -1.889388e-15 -1 4.457007e-16 1.889388e-15 1 4.457007e-16 1.889388e-15 1 4.457007e-16 1.889388e-15 1 4.457007e-16 1.889388e-15 1 4.457007e-16 1.889388e-15 1 4.457007e-16 1.889388e-15 1 4.457007e-16 1.889388e-15 1 0 0 0 0 0 0 0 0 0 0 0 0 0 0 0 0 0 1 0 0 1 0 0 1 0 0 1 0 0 1 0 0 1 0 0 1 -0 -0 -1 -0 -0 -1 -0 -0 -1 -0 -0 -1 -0 -0 -1 -0 -0 -1 -0 -0 -1 0 0 0 0 0 0 0 0 0 0 0 0 0 0 0</float_array>
                    <technique_common>
                        <accessor count="50" source="#ID74" stride="3">
                            <param name="X" type="float" />
                            <param name="Y" type="float" />
                            <param name="Z" type="float" />
                        </accessor>
                    </technique_common>
                </source>
                <source id="ID71">
                    <Name_array id="ID75" count="0" />
                    <technique_common>
                        <accessor count="0" source="#ID75" stride="1">
                            <param name="skp_material" type="Name" />
                        </accessor>
                    </technique_common>
                </source>
                <vertices id="ID72">
                    <input semantic="POSITION" source="#ID69" />
                    <input semantic="NORMAL" source="#ID70" />
                </vertices>
                <triangles count="12" material="Material2">
                    <input offset="0" semantic="VERTEX" source="#ID72" />
                    <p>0 1 2 1 0 3 12 13 14 13 12 15 15 12 16 16 12 17 17 12 18 31 32 33 32 31 34 34 31 35 34 35 36 34 36 37</p>
                </triangles>
                <triangles count="12" material="Material3">
                    <input offset="0" semantic="VERTEX" source="#ID72" />
                    <p>4 5 6 7 6 5 19 20 21 21 20 22 22 20 23 23 20 24 25 24 20 38 39 40 39 41 40 41 42 40 40 42 43 44 43 42</p>
                </triangles>
                <lines count="16" material="Material4">
                    <input offset="0" semantic="VERTEX" source="#ID72" />
                    <p>8 9 8 10 10 11 9 11 26 8 26 27 27 28 28 29 29 30 30 10 9 45 11 46 47 46 48 47 49 48 45 49</p>
                </lines>
            </mesh>
        </geometry>
        <geometry id="ID77">
            <mesh>
                <source id="ID78">
                    <float_array id="ID82" count="66">62.99213 37.40157 0 -19.68504 0 106.2992 62.99213 0 0 -19.68504 37.40157 106.2992 -19.68504 37.40157 106.2992 62.99213 37.40157 0 -19.68504 0 106.2992 62.99213 0 0 -19.68504 0 106.2992 62.99213 0 0 62.99213 37.40157 0 -19.68504 37.40157 106.2992 -19.68504 0 106.2992 -41.33858 37.40157 106.2992 -41.33858 0 106.2992 -19.68504 37.40157 106.2992 -19.68504 37.40157 106.2992 -19.68504 0 106.2992 -41.33858 37.40157 106.2992 -41.33858 0 106.2992 -41.33858 0 106.2992 -41.33858 37.40157 106.2992</float_array>
                    <technique_common>
                        <accessor count="22" source="#ID82" stride="3">
                            <param name="X" type="float" />
                            <param name="Y" type="float" />
                            <param name="Z" type="float" />
                        </accessor>
                    </technique_common>
                </source>
                <source id="ID79">
                    <float_array id="ID83" count="66">0.7893522 0 0.6139406 0.7893522 0 0.6139406 0.7893522 0 0.6139406 0.7893522 0 0.6139406 -0.7893522 -0 -0.6139406 -0.7893522 -0 -0.6139406 -0.7893522 -0 -0.6139406 -0.7893522 -0 -0.6139406 0 0 0 0 0 0 0 0 0 0 0 0 0 0 1 0 0 1 0 0 1 0 0 1 -0 -0 -1 -0 -0 -1 -0 -0 -1 -0 -0 -1 0 0 0 0 0 0</float_array>
                    <technique_common>
                        <accessor count="22" source="#ID83" stride="3">
                            <param name="X" type="float" />
                            <param name="Y" type="float" />
                            <param name="Z" type="float" />
                        </accessor>
                    </technique_common>
                </source>
                <source id="ID80">
                    <Name_array id="ID84" count="0" />
                    <technique_common>
                        <accessor count="0" source="#ID84" stride="1">
                            <param name="skp_material" type="Name" />
                        </accessor>
                    </technique_common>
                </source>
                <vertices id="ID81">
                    <input semantic="POSITION" source="#ID78" />
                    <input semantic="NORMAL" source="#ID79" />
                </vertices>
                <triangles count="4" material="Material2">
                    <input offset="0" semantic="VERTEX" source="#ID81" />
                    <p>0 1 2 1 0 3 12 13 14 13 12 15</p>
                </triangles>
                <triangles count="4" material="Material3">
                    <input offset="0" semantic="VERTEX" source="#ID81" />
                    <p>4 5 6 7 6 5 16 17 18 19 18 17</p>
                </triangles>
                <lines count="7" material="Material4">
                    <input offset="0" semantic="VERTEX" source="#ID81" />
                    <p>8 9 10 9 11 10 11 8 20 8 11 21 21 20</p>
                </lines>
            </mesh>
        </geometry>
        <geometry id="ID86">
            <mesh>
                <source id="ID87">
                    <float_array id="ID91" count="1482">7.874016 167.6544 0 0 167.6544 0 7.874016 618.0481 0 0 625.9221 0 118.5232 625.9221 0 118.5232 618.0481 0 118.5232 618.0481 0 118.5232 625.9221 0 7.874016 618.0481 0 0 625.9221 0 0 167.6544 0 7.874016 167.6544 0 7.874016 618.0481 0 7.874016 167.6544 0 0 167.6544 0 0 625.9221 0 118.5232 625.9221 0 118.5232 618.0481 0 7.874016 618.0481 0 7.874016 167.6544 94.48819 7.874016 167.6544 0 7.874016 175.5284 94.48819 7.874016 175.5284 98.4252 7.874016 618.0481 98.4252 7.874016 618.0481 98.4252 7.874016 618.0481 0 7.874016 175.5284 98.4252 7.874016 175.5284 94.48819 7.874016 167.6544 94.48819 7.874016 167.6544 0 7.874016 175.5284 94.48819 7.874016 175.5284 98.4252 7.874016 167.6544 94.48819 7.874016 618.0481 98.4252 65.74803 167.6544 98.4252 7.874016 167.6544 94.48819 65.74803 167.6544 94.48819 0 167.6544 0 7.874016 167.6544 0 0 167.6544 98.4252 65.74803 167.6544 98.4252 7.874016 167.6544 94.48819 0 167.6544 98.4252 0 167.6544 0 7.874016 167.6544 0 65.74803 167.6544 94.48819 65.74803 167.6544 94.48819 65.74803 167.6544 98.4252 0 167.6544 98.4252 0 625.9221 98.4252 0 167.6544 0 0 167.6544 98.4252 0 625.9221 0 0 625.9221 0 0 625.9221 98.4252 0 167.6544 0 0 167.6544 98.4252 0 625.9221 98.4252 0 625.9221 0 27.55906 625.9221 39.37008 118.5232 625.9221 0 0 625.9221 98.4252 27.55906 625.9221 92.51969 96.45669 625.9221 92.51969 96.45669 625.9221 98.4252 96.45669 625.9221 39.37008 96.86965 625.9221 39.37008 96.85039 625.9221 39.37008 118.5232 625.9221 82.67717 96.86965 625.9221 98.4252 150.0193 625.9221 82.67717 161.8303 625.9221 0 150.0193 625.9221 0 161.8303 625.9221 98.4252 96.86965 625.9221 98.4252 150.0193 625.9221 82.67717 161.8303 625.9221 98.4252 161.8303 625.9221 0 150.0193 625.9221 0 118.5232 625.9221 82.67717 96.86965 625.9221 39.37008 27.55906 625.9221 39.37008 118.5232 625.9221 0 96.85039 625.9221 39.37008 96.45669 625.9221 39.37008 96.45669 625.9221 98.4252 0 625.9221 98.4252 96.45669 625.9221 92.51969 27.55906 625.9221 92.51969 0 625.9221 0 96.45669 625.9221 98.4252 96.45669 625.9221 92.51969 27.55906 625.9221 92.51969 27.55906 625.9221 39.37008 96.45669 625.9221 39.37008 96.85039 625.9221 39.37008 96.86965 625.9221 39.37008 96.86965 625.9221 98.4252 161.8303 625.9221 98.4252 161.8303 625.9221 0 150.0193 625.9221 0 150.0193 625.9221 82.67717 118.5232 625.9221 82.67717 118.5232 625.9221 0 118.5232 618.0481 82.67717 118.5232 618.0481 0 118.5232 625.9221 82.67717 118.5232 625.9221 82.67717 118.5232 625.9221 0 118.5232 618.0481 82.67717 118.5232 618.0481 0 118.5232 618.0481 82.67717 153.9563 618.0481 98.4252 150.0193 618.0481 0 153.9563 618.0481 0 150.0193 618.0481 82.67717 118.5232 618.0481 82.67717 118.5232 618.0481 0 96.86965 618.0481 39.37008 7.874016 618.0481 0 96.86965 618.0481 98.4252 96.85039 618.0481 39.37008 27.55906 618.0481 39.37008 96.45669 618.0481 39.37008 96.45669 618.0481 98.4252 27.55906 618.0481 92.51969 96.45669 618.0481 92.51969 7.874016 618.0481 98.4252 96.45669 618.0481 98.4252 27.55906 618.0481 92.51969 7.874016 618.0481 98.4252 27.55906 618.0481 39.37008 96.86965 618.0481 39.37008 7.874016 618.0481 0 96.45669 618.0481 92.51969 96.45669 618.0481 39.37008 96.85039 618.0481 39.37008 153.9563 618.0481 98.4252 118.5232 618.0481 82.67717 96.86965 618.0481 98.4252 118.5232 618.0481 0 150.0193 618.0481 82.67717 150.0193 618.0481 0 153.9563 618.0481 0 27.55906 618.0481 92.51969 96.45669 618.0481 92.51969 96.45669 618.0481 98.4252 150.0193 618.0481 82.67717 150.0193 618.0481 0 153.9563 618.0481 0 153.9563 618.0481 98.4252 96.86965 618.0481 98.4252 96.86965 618.0481 39.37008 96.85039 618.0481 39.37008 96.45669 618.0481 39.37008 27.55906 618.0481 39.37008 7.874016 175.5284 98.4252 65.74803 175.5284 94.48819 7.874016 175.5284 94.48819 73.62205 175.5284 0 65.74803 175.5284 0 73.62205 175.5284 98.4252 7.874016 175.5284 98.4252 65.74803 175.5284 94.48819 73.62205 175.5284 98.4252 73.62205 175.5284 0 65.74803 175.5284 0 7.874016 175.5284 94.48819 65.74803 175.5284 0 73.62205 175.5284 0 65.74803 175.5284 94.48819 73.62205 175.5284 98.4252 65.74803 175.5284 94.48819 7.874016 167.6544 94.48819 7.874016 175.5284 94.48819 65.74803 167.6544 94.48819 65.74803 167.6544 94.48819 65.74803 175.5284 94.48819 7.874016 167.6544 94.48819 7.874016 175.5284 94.48819 65.74803 0 98.4252 73.62205 7.874016 98.4252 65.74803 167.6544 98.4252 161.8303 0 98.4252 153.9563 7.874016 98.4252 153.9563 618.0481 98.4252 96.86965 625.9221 98.4252 96.86965 618.0481 98.4252 161.8303 625.9221 98.4252 0 167.6544 98.4252 7.874016 175.5284 98.4252 0 625.9221 98.4252 73.62205 175.5284 98.4252 7.874016 618.0481 98.4252 96.45669 625.9221 98.4252 96.45669 618.0481 98.4252 96.45669 618.0481 98.4252 7.874016 618.0481 98.4252 96.45669 625.9221 98.4252 7.874016 175.5284 98.4252 0 625.9221 98.4252 73.62205 7.874016 98.4252 65.74803 167.6544 98.4252 73.62205 175.5284 98.4252 0 167.6544 98.4252 161.8303 0 98.4252 153.9563 618.0481 98.4252 161.8303 625.9221 98.4252 96.86965 625.9221 98.4252 96.86965 618.0481 98.4252 153.9563 7.874016 98.4252 65.74803 0 98.4252 65.74803 0 98.4252 161.8303 0 98.4252 153.9563 7.874016 98.4252 73.62205 7.874016 98.4252 65.74803 0 98.4252 65.74803 11.81102 82.67717 65.74803 0 0 65.74803 167.6544 98.4252 65.74803 41.33858 82.67717 65.74803 68.04805 82.67717 65.74803 41.33858 68.89764 65.74803 97.57561 82.67717 65.74803 109.3866 82.67717 65.74803 97.57561 68.89764 65.74803 142.8512 82.67717 65.74803 142.8512 0 65.74803 167.6544 94.48819 65.74803 175.5284 0 65.74803 175.5284 94.48819 65.74803 11.81102 68.89764 65.74803 109.3866 0 65.74803 68.04805 68.89764 65.74803 109.3866 82.67717 65.74803 97.57561 68.89764 65.74803 109.3866 0 65.74803 68.04805 68.89764 65.74803 68.04805 82.67717 65.74803 41.33858 68.89764 65.74803 11.81102 68.89764 65.74803 11.81102 82.67717 65.74803 0 0 65.74803 175.5284 94.48819 65.74803 167.6544 94.48819 65.74803 175.5284 0 65.74803 142.8512 0 65.74803 167.6544 98.4252 65.74803 142.8512 82.67717 65.74803 97.57561 82.67717 65.74803 41.33858 82.67717 65.74803 0 98.4252 65.74803 142.8512 0 65.74803 142.8512 82.67717 65.74803 109.3866 82.67717 65.74803 109.3866 0 65.74803 0 0 65.74803 97.57561 82.67717 65.74803 68.04805 82.67717 65.74803 68.04805 68.89764 65.74803 97.57561 68.89764 65.74803 11.81102 82.67717 65.74803 41.33858 82.67717 65.74803 11.81102 68.89764 65.74803 41.33858 68.89764 96.45669 625.9221 98.4252 96.45669 618.0481 92.51969 96.45669 618.0481 98.4252 96.45669 625.9221 92.51969 96.45669 625.9221 92.51969 96.45669 625.9221 98.4252 96.45669 618.0481 92.51969 96.45669 618.0481 98.4252 96.85039 625.9221 98.4252 96.85039 625.9221 98.4252 96.85039 625.9221 98.4252 96.45669 625.9221 92.51969 27.55906 618.0481 92.51969 27.55906 625.9221 92.51969 96.45669 618.0481 92.51969 96.45669 618.0481 92.51969 96.45669 625.9221 92.51969 27.55906 618.0481 92.51969 27.55906 625.9221 92.51969 27.55906 625.9221 39.37008 27.55906 618.0481 92.51969 27.55906 618.0481 39.37008 27.55906 625.9221 92.51969 27.55906 625.9221 92.51969 27.55906 625.9221 39.37008 27.55906 618.0481 92.51969 27.55906 618.0481 39.37008 96.45669 618.0481 39.37008 27.55906 625.9221 39.37008 27.55906 618.0481 39.37008 96.45669 625.9221 39.37008 96.45669 625.9221 39.37008 96.45669 618.0481 39.37008 27.55906 625.9221 39.37008 27.55906 618.0481 39.37008 96.85039 625.9221 39.37008 96.45669 618.0481 39.37008 96.45669 625.9221 39.37008 96.85039 618.0481 39.37008 96.85039 618.0481 39.37008 96.85039 625.9221 39.37008 96.45669 618.0481 39.37008 96.45669 625.9221 39.37008 96.86965 618.0481 39.37008 96.85039 625.9221 39.37008 96.85039 618.0481 39.37008 96.86965 625.9221 39.37008 96.86965 625.9221 39.37008 96.86965 618.0481 39.37008 96.85039 625.9221 39.37008 96.85039 618.0481 39.37008 96.86965 625.9221 98.4252 96.86965 618.0481 39.37008 96.86965 618.0481 98.4252 96.86965 625.9221 39.37008 96.86965 625.9221 39.37008 96.86965 625.9221 98.4252 96.86965 618.0481 39.37008 96.86965 618.0481 98.4252 161.8303 625.9221 0 161.8303 0 98.4252 161.8303 0 0 161.8303 625.9221 98.4252 161.8303 625.9221 98.4252 161.8303 625.9221 0 161.8303 0 98.4252 161.8303 0 0 161.8303 0 0 161.8303 625.9221 0 150.0193 618.0481 0 150.0193 625.9221 0 153.9563 618.0481 0 153.9563 7.874016 0 73.62205 109.3866 0 65.74803 0 0 65.74803 109.3866 0 73.62205 7.874016 0 161.8303 0 0 161.8303 625.9221 0 153.9563 7.874016 0 161.8303 0 0 73.62205 7.874016 0 65.74803 0 0 73.62205 109.3866 0 65.74803 109.3866 0 153.9563 618.0481 0 150.0193 618.0481 0 150.0193 625.9221 0 73.62205 109.3866 0 73.62205 7.874016 0 153.9563 7.874016 0 150.0193 625.9221 82.67717 150.0193 618.0481 0 150.0193 618.0481 82.67717 150.0193 625.9221 0 150.0193 625.9221 0 150.0193 625.9221 82.67717 150.0193 618.0481 0 150.0193 618.0481 82.67717 150.0193 625.9221 82.67717 118.5232 618.0481 82.67717 118.5232 625.9221 82.67717 150.0193 618.0481 82.67717 150.0193 618.0481 82.67717 150.0193 625.9221 82.67717 118.5232 618.0481 82.67717 118.5232 625.9221 82.67717 96.85039 618.0481 98.4252 96.85039 618.0481 98.4252 96.85039 618.0481 98.4252 153.9563 618.0481 98.4252 153.9563 7.874016 0 153.9563 7.874016 98.4252 153.9563 618.0481 0 153.9563 618.0481 0 153.9563 618.0481 98.4252 153.9563 7.874016 0 153.9563 7.874016 98.4252 73.62205 175.5284 0 65.74803 142.8512 0 65.74803 175.5284 0 73.62205 142.8512 0 73.62205 142.8512 0 73.62205 175.5284 0 65.74803 142.8512 0 65.74803 175.5284 0 73.62205 142.8512 0 73.62205 7.874016 0 73.62205 11.81102 68.89764 73.62205 7.874016 98.4252 73.62205 109.3866 0 73.62205 41.33858 68.89764 73.62205 41.33858 82.67717 73.62205 68.04805 68.89764 73.62205 97.57561 68.89764 73.62205 97.57561 82.67717 73.62205 175.5284 0 73.62205 142.8512 82.67717 73.62205 142.8512 0 73.62205 11.81102 82.67717 73.62205 175.5284 98.4252 73.62205 68.04805 82.67717 73.62205 109.3866 82.67717 73.62205 175.5284 0 73.62205 142.8512 82.67717 73.62205 175.5284 98.4252 73.62205 109.3866 82.67717 73.62205 109.3866 0 73.62205 97.57561 82.67717 73.62205 68.04805 82.67717 73.62205 68.04805 68.89764 73.62205 41.33858 82.67717 73.62205 11.81102 82.67717 73.62205 11.81102 68.89764 73.62205 7.874016 98.4252 73.62205 142.8512 0 73.62205 97.57561 68.89764 73.62205 41.33858 68.89764 73.62205 7.874016 0 73.62205 109.3866 82.67717 73.62205 142.8512 82.67717 73.62205 97.57561 82.67717 73.62205 68.04805 82.67717 73.62205 97.57561 68.89764 73.62205 68.04805 68.89764 73.62205 11.81102 82.67717 73.62205 41.33858 82.67717 73.62205 41.33858 68.89764 73.62205 11.81102 68.89764 96.85039 618.0481 98.4252 96.45669 625.9221 98.4252 96.45669 618.0481 98.4252 96.85039 625.9221 98.4252 96.85039 625.9221 98.4252 96.85039 618.0481 98.4252 96.45669 625.9221 98.4252 96.45669 618.0481 98.4252 161.8303 0 98.4252 65.74803 0 0 161.8303 0 0 65.74803 0 98.4252 65.74803 0 98.4252 161.8303 0 98.4252 65.74803 0 0 161.8303 0 0 73.62205 7.874016 98.4252 153.9563 7.874016 0 73.62205 7.874016 0 153.9563 7.874016 98.4252 153.9563 7.874016 98.4252 73.62205 7.874016 98.4252 153.9563 7.874016 0 73.62205 7.874016 0 73.62205 142.8512 82.67717 65.74803 142.8512 0 73.62205 142.8512 0 65.74803 142.8512 82.67717 65.74803 142.8512 82.67717 73.62205 142.8512 82.67717 65.74803 142.8512 0 73.62205 142.8512 0 73.62205 142.8512 82.67717 65.74803 109.3866 82.67717 65.74803 142.8512 82.67717 73.62205 109.3866 82.67717 73.62205 109.3866 82.67717 73.62205 142.8512 82.67717 65.74803 109.3866 82.67717 65.74803 142.8512 82.67717 65.74803 109.3866 82.67717 73.62205 109.3866 0 65.74803 109.3866 0 73.62205 109.3866 82.67717 73.62205 109.3866 82.67717 65.74803 109.3866 82.67717 73.62205 109.3866 0 65.74803 109.3866 0 96.45669 618.0481 39.37008 96.45669 625.9221 39.37008 96.45669 625.9221 39.37008 96.45669 618.0481 39.37008 96.85039 625.9221 39.37008 96.85039 618.0481 98.4252 96.85039 618.0481 39.37008 96.85039 625.9221 98.4252 96.85039 625.9221 98.4252 96.85039 625.9221 39.37008 96.85039 618.0481 98.4252 96.85039 618.0481 39.37008</float_array>
                    <technique_common>
                        <accessor count="494" source="#ID91" stride="3">
                            <param name="X" type="float" />
                            <param name="Y" type="float" />
                            <param name="Z" type="float" />
                        </accessor>
                    </technique_common>
                </source>
                <source id="ID88">
                    <float_array id="ID92" count="1482">0 0 -1 0 0 -1 0 0 -1 0 0 -1 0 0 -1 0 0 -1 -0 -0 1 -0 -0 1 -0 -0 1 -0 -0 1 -0 -0 1 -0 -0 1 0 0 0 0 0 0 0 0 0 0 0 0 0 0 0 0 0 0 1 0 0 1 0 0 1 0 0 1 0 0 1 0 0 1 0 0 -1 -0 -0 -1 -0 -0 -1 -0 -0 -1 -0 -0 -1 -0 -0 -1 -0 -0 0 0 0 0 0 0 0 0 0 0 0 0 0 -1 0 0 -1 0 0 -1 0 0 -1 0 0 -1 0 0 -1 0 -0 1 -0 -0 1 -0 -0 1 -0 -0 1 -0 -0 1 -0 -0 1 -0 0 0 0 0 0 0 0 0 0 -1 0 0 -1 0 0 -1 0 0 -1 0 0 1 -0 -0 1 -0 -0 1 -0 -0 1 -0 -0 0 0 0 0 1 0 0 1 0 0 1 0 0 1 0 0 1 0 0 1 0 0 1 0 0 1 0 0 1 0 0 1 0 0 1 0 0 1 0 0 1 0 0 1 0 0 1 0 0 1 0 -0 -1 -0 -0 -1 -0 -0 -1 -0 -0 -1 -0 -0 -1 -0 -0 -1 -0 -0 -1 -0 -0 -1 -0 -0 -1 -0 -0 -1 -0 -0 -1 -0 -0 -1 -0 -0 -1 -0 -0 -1 -0 -0 -1 -0 -0 -1 -0 0 0 0 0 0 0 0 0 0 0 0 0 0 0 0 0 0 0 0 0 0 0 0 0 0 0 0 0 0 0 0 0 0 0 0 0 0 0 0 1 0 0 1 0 0 1 0 0 1 0 0 -1 -0 -0 -1 -0 -0 -1 -0 -0 -1 -0 -0 0 0 0 0 -1 0 0 -1 0 0 -1 0 0 -1 0 0 -1 0 0 -1 0 0 -1 0 0 -1 0 0 -1 0 0 -1 0 0 -1 0 0 -1 0 0 -1 0 0 -1 0 0 -1 0 0 -1 0 -0 1 -0 -0 1 -0 -0 1 -0 -0 1 -0 -0 1 -0 -0 1 -0 -0 1 -0 -0 1 -0 -0 1 -0 -0 1 -0 -0 1 -0 -0 1 -0 -0 1 -0 -0 1 -0 -0 1 -0 -0 1 -0 0 0 0 0 0 0 0 0 0 0 0 0 0 0 0 0 0 0 0 0 0 0 0 0 0 0 0 0 0 0 0 0 0 0 0 0 -2.976818e-17 1 -1.099708e-17 -2.976818e-17 1 -1.099708e-17 -2.976818e-17 1 -1.099708e-17 -2.976818e-17 1 -1.099708e-17 -2.976818e-17 1 -1.099708e-17 -2.976818e-17 1 -1.099708e-17 2.976818e-17 -1 1.099708e-17 2.976818e-17 -1 1.099708e-17 2.976818e-17 -1 1.099708e-17 2.976818e-17 -1 1.099708e-17 2.976818e-17 -1 1.099708e-17 2.976818e-17 -1 1.099708e-17 0 0 0 0 0 0 0 0 0 0 0 0 0 0 -1 0 0 -1 0 0 -1 0 0 -1 -0 -0 1 -0 -0 1 -0 -0 1 -0 -0 1 7.95218e-18 6.316428e-18 1 7.95218e-18 6.316428e-18 1 7.95218e-18 6.316428e-18 1 7.95218e-18 6.316428e-18 1 7.95218e-18 6.316428e-18 1 7.95218e-18 6.316428e-18 1 7.95218e-18 6.316428e-18 1 7.95218e-18 6.316428e-18 1 7.95218e-18 6.316428e-18 1 7.95218e-18 6.316428e-18 1 7.95218e-18 6.316428e-18 1 7.95218e-18 6.316428e-18 1 7.95218e-18 6.316428e-18 1 7.95218e-18 6.316428e-18 1 7.95218e-18 6.316428e-18 1 7.95218e-18 6.316428e-18 1 -7.95218e-18 -6.316428e-18 -1 -7.95218e-18 -6.316428e-18 -1 -7.95218e-18 -6.316428e-18 -1 -7.95218e-18 -6.316428e-18 -1 -7.95218e-18 -6.316428e-18 -1 -7.95218e-18 -6.316428e-18 -1 -7.95218e-18 -6.316428e-18 -1 -7.95218e-18 -6.316428e-18 -1 -7.95218e-18 -6.316428e-18 -1 -7.95218e-18 -6.316428e-18 -1 -7.95218e-18 -6.316428e-18 -1 -7.95218e-18 -6.316428e-18 -1 -7.95218e-18 -6.316428e-18 -1 -7.95218e-18 -6.316428e-18 -1 -7.95218e-18 -6.316428e-18 -1 -7.95218e-18 -6.316428e-18 -1 0 0 0 0 0 0 0 0 0 0 0 0 -1 0 0 -1 0 0 -1 0 0 -1 0 0 -1 0 0 -1 0 0 -1 0 0 -1 0 0 -1 0 0 -1 0 0 -1 0 0 -1 0 0 -1 0 0 -1 0 0 -1 0 0 -1 0 0 -1 0 0 -1 0 0 1 -0 -0 1 -0 -0 1 -0 -0 1 -0 -0 1 -0 -0 1 -0 -0 1 -0 -0 1 -0 -0 1 -0 -0 1 -0 -0 1 -0 -0 1 -0 -0 1 -0 -0 1 -0 -0 1 -0 -0 1 -0 -0 1 -0 -0 1 -0 -0 0 0 0 0 0 0 0 0 0 0 0 0 0 0 0 0 0 0 0 0 0 0 0 0 0 0 0 0 0 0 0 0 0 0 0 0 0 0 0 -1 0 0 -1 0 0 -1 0 0 -1 0 0 1 -0 -0 1 -0 -0 1 -0 -0 1 -0 -0 0 1 0 -0 -1 -0 0 0 0 0 0 -1 0 0 -1 0 0 -1 0 0 -1 -0 -0 1 -0 -0 1 -0 -0 1 -0 -0 1 1 0 0 1 0 0 1 0 0 1 0 0 -1 -0 -0 -1 -0 -0 -1 -0 -0 -1 -0 -0 -1.237562e-15 0 1 -1.237562e-15 0 1 -1.237562e-15 0 1 -1.237562e-15 0 1 1.237562e-15 -0 -1 1.237562e-15 -0 -1 1.237562e-15 -0 -1 1.237562e-15 -0 -1 0 0 -1 0 0 -1 0 0 -1 0 0 -1 -0 -0 1 -0 -0 1 -0 -0 1 -0 -0 1 4.428222e-12 0 1 4.428222e-12 0 1 4.428222e-12 0 1 4.428222e-12 0 1 -4.428222e-12 -0 -1 -4.428222e-12 -0 -1 -4.428222e-12 -0 -1 -4.428222e-12 -0 -1 -1 0 0 -1 0 0 -1 0 0 -1 0 0 1 -0 -0 1 -0 -0 1 -0 -0 1 -0 -0 1 0 0 1 0 0 1 0 0 1 0 0 -1 -0 -0 -1 -0 -0 -1 -0 -0 -1 -0 -0 0 0 0 0 0 -1 0 0 -1 0 0 -1 0 0 -1 0 0 -1 0 0 -1 0 0 -1 0 0 -1 0 0 -1 0 0 -1 -0 -0 1 -0 -0 1 -0 -0 1 -0 -0 1 -0 -0 1 -0 -0 1 -0 -0 1 -0 -0 1 -0 -0 1 -0 -0 1 0 0 0 0 0 0 0 0 0 -1 0 0 -1 0 0 -1 0 0 -1 0 0 1 -0 -0 1 -0 -0 1 -0 -0 1 -0 -0 0 0 -1 0 0 -1 0 0 -1 0 0 -1 -0 -0 1 -0 -0 1 -0 -0 1 -0 -0 1 0 -1 0 -0 1 -0 0 0 0 -1 0 0 -1 0 0 -1 0 0 -1 0 0 1 -0 -0 1 -0 -0 1 -0 -0 1 -0 -0 0 0 -1 0 0 -1 0 0 -1 0 0 -1 -0 -0 1 -0 -0 1 -0 -0 1 -0 -0 1 0 0 0 1 0 0 1 0 0 1 0 0 1 0 0 1 0 0 1 0 0 1 0 0 1 0 0 1 0 0 1 0 0 1 0 0 1 0 0 1 0 0 1 0 0 1 0 0 1 0 0 -1 -0 -0 -1 -0 -0 -1 -0 -0 -1 -0 -0 -1 -0 -0 -1 -0 -0 -1 -0 -0 -1 -0 -0 -1 -0 -0 -1 -0 -0 -1 -0 -0 -1 -0 -0 -1 -0 -0 -1 -0 -0 -1 -0 -0 -1 -0 -0 0 0 0 0 0 0 0 0 0 0 0 0 0 0 0 0 0 0 0 0 0 0 0 0 0 0 0 0 0 0 -3.609557e-14 0 1 -3.609557e-14 0 1 -3.609557e-14 0 1 -3.609557e-14 0 1 3.609557e-14 -0 -1 3.609557e-14 -0 -1 3.609557e-14 -0 -1 3.609557e-14 -0 -1 -0 -1 -0 -0 -1 -0 -0 -1 -0 -0 -1 -0 0 1 0 0 1 0 0 1 0 0 1 0 0 1 0 0 1 0 0 1 0 0 1 0 -0 -1 -0 -0 -1 -0 -0 -1 -0 -0 -1 -0 0 -1 0 0 -1 0 0 -1 0 0 -1 0 -0 1 -0 -0 1 -0 -0 1 -0 -0 1 -0 0 0 -1 0 0 -1 0 0 -1 0 0 -1 -0 -0 1 -0 -0 1 -0 -0 1 -0 -0 1 0 1 0 0 1 0 0 1 0 0 1 0 -0 -1 -0 -0 -1 -0 -0 -1 -0 -0 -1 -0 -1 0 0 -1 0 0 1 -0 -0 1 -0 -0 1 0 0 1 0 0 1 0 0 1 0 0 -1 -0 -0 -1 -0 -0 -1 -0 -0 -1 -0 -0</float_array>
                    <technique_common>
                        <accessor count="494" source="#ID92" stride="3">
                            <param name="X" type="float" />
                            <param name="Y" type="float" />
                            <param name="Z" type="float" />
                        </accessor>
                    </technique_common>
                </source>
                <source id="ID89">
                    <Name_array id="ID93" count="0" />
                    <technique_common>
                        <accessor count="0" source="#ID93" stride="1">
                            <param name="skp_material" type="Name" />
                        </accessor>
                    </technique_common>
                </source>
                <vertices id="ID90">
                    <input semantic="POSITION" source="#ID87" />
                    <input semantic="NORMAL" source="#ID88" />
                </vertices>
                <triangles count="156" material="Material2">
                    <input offset="0" semantic="VERTEX" source="#ID90" />
                    <p>0 1 2 3 2 1 2 3 4 2 4 5 18 19 20 19 18 21 21 18 22 22 18 23 34 35 36 35 37 38 37 35 39 39 35 34 49 50 51 50 49 52 58 59 60 59 58 61 59 61 62 62 61 63 63 61 64 65 66 59 66 65 67 60 66 68 66 60 59 68 66 69 68 69 70 70 71 72 71 70 73 73 70 69 103 104 105 104 103 106 112 113 114 113 112 115 115 112 116 117 118 119 118 117 116 118 116 120 120 116 112 121 122 118 122 121 123 124 125 126 119 122 127 122 119 118 127 122 125 127 125 124 156 157 158 157 159 160 159 157 161 161 157 156 172 173 174 173 172 175 180 181 182 181 180 183 181 183 184 184 183 185 185 186 187 186 185 188 188 185 183 189 190 191 190 189 182 190 182 192 192 182 181 191 193 194 193 191 190 194 193 195 216 217 218 217 216 219 217 219 220 220 219 221 220 221 222 221 219 223 223 219 224 223 224 225 224 219 226 226 219 227 227 219 228 227 228 229 229 228 230 218 231 232 231 218 217 232 231 222 232 222 233 233 222 221 232 233 225 232 225 224 265 266 267 266 265 268 63 67 65 67 63 273 273 63 64 276 277 278 277 276 279 284 285 286 285 284 287 292 293 294 293 292 295 300 301 302 301 300 303 308 309 310 309 308 311 316 317 318 317 316 319 324 325 326 325 324 327 333 334 335 334 333 336 336 333 337 338 339 340 339 338 341 339 341 342 342 341 337 342 337 333 356 357 358 357 356 359 364 365 366 365 364 367 372 123 121 123 372 126 126 372 124 375 376 377 376 375 378 383 384 385 384 383 386 392 393 394 393 392 395 393 395 396 396 395 397 397 395 398 398 395 399 399 395 400 401 402 403 394 404 405 404 394 393 405 404 397 405 397 406 406 397 398 405 406 400 405 400 407 407 400 395 405 407 402 405 402 401 434 435 436 435 434 437 442 443 444 443 442 445 450 451 452 451 450 453 458 459 460 459 458 461 466 467 468 467 466 469 474 475 476 475 474 477 268 482 266 482 268 483 486 487 488 487 486 489</p>
                </triangles>
                <triangles count="156" material="Material3">
                    <input offset="0" semantic="VERTEX" source="#ID90" />
                    <p>6 7 8 7 9 8 10 8 9 8 10 11 24 25 26 26 25 27 27 25 28 29 28 25 40 41 42 42 41 43 44 43 41 45 41 40 53 54 55 56 55 54 74 75 76 76 75 77 78 77 75 75 74 79 74 80 79 81 82 80 79 80 82 83 84 80 81 80 84 85 86 87 87 86 88 88 86 81 86 89 81 82 81 89 107 108 109 110 109 108 128 129 130 129 131 130 132 133 131 130 131 133 134 129 128 135 136 131 132 131 136 137 138 139 139 138 132 138 140 132 133 132 140 138 137 141 141 137 142 143 142 137 162 163 164 164 163 165 166 165 163 167 163 162 176 177 178 179 178 177 196 197 198 199 200 197 198 197 200 201 202 203 203 202 199 202 204 199 200 199 204 205 206 207 207 206 208 209 208 206 206 205 210 210 205 201 205 211 201 202 201 211 234 235 236 235 237 236 238 239 237 237 239 236 239 240 236 241 242 240 236 240 242 243 244 245 245 244 246 244 247 246 246 247 248 248 247 234 235 234 249 234 247 249 249 247 238 239 238 250 238 247 250 250 247 241 247 251 241 242 241 251 269 270 271 272 271 270 85 87 274 274 87 83 84 83 87 280 281 282 283 282 281 288 289 290 291 290 289 296 297 298 299 298 297 304 305 306 307 306 305 312 313 314 315 314 313 320 321 322 323 322 321 328 329 330 331 330 329 343 344 345 344 346 345 345 346 347 346 348 347 349 347 348 344 343 350 350 343 351 352 351 343 360 361 362 363 362 361 368 369 370 371 370 369 128 373 134 134 373 135 136 135 373 379 380 381 382 381 380 387 388 389 390 389 388 408 409 410 409 411 410 412 413 411 411 413 410 413 414 410 415 416 414 414 416 410 416 417 410 418 419 417 410 417 419 420 409 408 413 412 421 421 412 415 415 412 416 416 412 422 422 412 418 412 423 418 419 418 423 438 439 440 441 440 439 446 447 448 449 448 447 454 455 456 457 456 455 462 463 464 465 464 463 470 471 472 473 472 471 478 479 480 481 480 479 484 269 485 271 485 269 490 491 492 493 492 491</p>
                </triangles>
                <lines count="113" material="Material4">
                    <input offset="0" semantic="VERTEX" source="#ID90" />
                    <p>12 13 14 13 15 14 16 15 16 17 17 12 30 31 32 30 13 32 12 33 33 31 32 46 46 47 48 47 14 48 57 48 15 57 90 57 90 91 92 91 92 93 93 94 94 95 95 96 96 97 98 97 99 98 99 100 100 101 101 102 102 16 102 111 111 17 144 145 146 145 146 33 147 111 148 147 149 148 149 150 150 151 152 151 153 152 154 153 155 154 144 155 168 169 168 170 30 170 31 171 169 171 46 170 146 90 47 212 212 213 213 98 151 97 214 150 215 214 171 215 168 252 253 252 254 253 255 254 255 256 256 212 257 258 258 259 259 260 260 257 261 262 263 261 264 263 262 264 91 145 275 95 91 94 275 90 92 144 155 93 94 154 95 153 152 96 332 99 332 213 255 353 353 354 354 355 355 149 100 148 256 332 101 147 374 146 145 154 374 153 355 214 169 391 252 391 354 215 353 424 424 425 425 391 426 427 428 426 429 428 427 429 430 431 431 432 432 433 433 430 374 275 253 425 254 424</p>
                </lines>
            </mesh>
        </geometry>
        <geometry id="ID94">
            <mesh>
                <source id="ID95">
                    <float_array id="ID99" count="120">73.62205 97.57561 82.67717 65.74803 68.04805 82.67717 65.74803 97.57561 82.67717 73.62205 68.04805 82.67717 73.62205 68.04805 82.67717 73.62205 97.57561 82.67717 65.74803 68.04805 82.67717 65.74803 97.57561 82.67717 65.74803 97.57561 82.67717 65.74803 68.04805 82.67717 73.62205 97.57561 82.67717 73.62205 68.04805 82.67717 73.62205 97.57561 82.67717 65.74803 97.57561 68.89764 73.62205 97.57561 68.89764 65.74803 97.57561 82.67717 65.74803 97.57561 82.67717 73.62205 97.57561 82.67717 65.74803 97.57561 68.89764 73.62205 97.57561 68.89764 65.74803 97.57561 68.89764 73.62205 97.57561 68.89764 65.74803 68.04805 82.67717 73.62205 68.04805 68.89764 65.74803 68.04805 68.89764 73.62205 68.04805 82.67717 73.62205 68.04805 82.67717 65.74803 68.04805 82.67717 73.62205 68.04805 68.89764 65.74803 68.04805 68.89764 65.74803 68.04805 68.89764 73.62205 68.04805 68.89764 73.62205 68.04805 68.89764 65.74803 97.57561 68.89764 65.74803 68.04805 68.89764 73.62205 97.57561 68.89764 73.62205 97.57561 68.89764 73.62205 68.04805 68.89764 65.74803 97.57561 68.89764 65.74803 68.04805 68.89764</float_array>
                    <technique_common>
                        <accessor count="40" source="#ID99" stride="3">
                            <param name="X" type="float" />
                            <param name="Y" type="float" />
                            <param name="Z" type="float" />
                        </accessor>
                    </technique_common>
                </source>
                <source id="ID96">
                    <float_array id="ID100" count="120">0 0 -1 0 0 -1 0 0 -1 0 0 -1 -0 -0 1 -0 -0 1 -0 -0 1 -0 -0 1 0 0 0 0 0 0 0 0 0 0 0 0 -0 -1 -0 -0 -1 -0 -0 -1 -0 -0 -1 -0 0 1 0 0 1 0 0 1 0 0 1 0 0 0 0 0 0 0 0 1 0 0 1 0 0 1 0 0 1 0 -0 -1 -0 -0 -1 -0 -0 -1 -0 -0 -1 -0 0 0 0 0 0 0 0 0 1 0 0 1 0 0 1 0 0 1 -0 -0 -1 -0 -0 -1 -0 -0 -1 -0 -0 -1</float_array>
                    <technique_common>
                        <accessor count="40" source="#ID100" stride="3">
                            <param name="X" type="float" />
                            <param name="Y" type="float" />
                            <param name="Z" type="float" />
                        </accessor>
                    </technique_common>
                </source>
                <source id="ID97">
                    <Name_array id="ID101" count="0" />
                    <technique_common>
                        <accessor count="0" source="#ID101" stride="1">
                            <param name="skp_material" type="Name" />
                        </accessor>
                    </technique_common>
                </source>
                <vertices id="ID98">
                    <input semantic="POSITION" source="#ID95" />
                    <input semantic="NORMAL" source="#ID96" />
                </vertices>
                <triangles count="8" material="Material2">
                    <input offset="0" semantic="VERTEX" source="#ID98" />
                    <p>0 1 2 1 0 3 12 13 14 13 12 15 22 23 24 23 22 25 32 33 34 33 32 35</p>
                </triangles>
                <triangles count="8" material="Material3">
                    <input offset="0" semantic="VERTEX" source="#ID98" />
                    <p>4 5 6 7 6 5 16 17 18 19 18 17 26 27 28 29 28 27 36 37 38 39 38 37</p>
                </triangles>
                <lines count="12" material="Material4">
                    <input offset="0" semantic="VERTEX" source="#ID98" />
                    <p>8 9 8 10 10 11 9 11 20 8 20 21 21 10 9 30 11 31 30 31 30 20 31 21</p>
                </lines>
            </mesh>
        </geometry>
        <geometry id="ID102">
            <mesh>
                <source id="ID103">
                    <float_array id="ID107" count="120">73.62205 41.33858 82.67717 65.74803 11.81102 82.67717 65.74803 41.33858 82.67717 73.62205 11.81102 82.67717 73.62205 11.81102 82.67717 73.62205 41.33858 82.67717 65.74803 11.81102 82.67717 65.74803 41.33858 82.67717 65.74803 11.81102 82.67717 65.74803 41.33858 82.67717 73.62205 41.33858 82.67717 73.62205 11.81102 82.67717 73.62205 41.33858 82.67717 65.74803 41.33858 68.89764 73.62205 41.33858 68.89764 65.74803 41.33858 82.67717 65.74803 41.33858 82.67717 73.62205 41.33858 82.67717 65.74803 41.33858 68.89764 73.62205 41.33858 68.89764 65.74803 41.33858 68.89764 73.62205 41.33858 68.89764 65.74803 11.81102 82.67717 73.62205 11.81102 68.89764 65.74803 11.81102 68.89764 73.62205 11.81102 82.67717 73.62205 11.81102 82.67717 65.74803 11.81102 82.67717 73.62205 11.81102 68.89764 65.74803 11.81102 68.89764 65.74803 11.81102 68.89764 73.62205 11.81102 68.89764 73.62205 11.81102 68.89764 65.74803 41.33858 68.89764 65.74803 11.81102 68.89764 73.62205 41.33858 68.89764 73.62205 41.33858 68.89764 73.62205 11.81102 68.89764 65.74803 41.33858 68.89764 65.74803 11.81102 68.89764</float_array>
                    <technique_common>
                        <accessor count="40" source="#ID107" stride="3">
                            <param name="X" type="float" />
                            <param name="Y" type="float" />
                            <param name="Z" type="float" />
                        </accessor>
                    </technique_common>
                </source>
                <source id="ID104">
                    <float_array id="ID108" count="120">0 0 -1 0 0 -1 0 0 -1 0 0 -1 -0 -0 1 -0 -0 1 -0 -0 1 -0 -0 1 0 0 0 0 0 0 0 0 0 0 0 0 -0 -1 -0 -0 -1 -0 -0 -1 -0 -0 -1 -0 0 1 0 0 1 0 0 1 0 0 1 0 0 0 0 0 0 0 0 1 0 0 1 0 0 1 0 0 1 0 -0 -1 -0 -0 -1 -0 -0 -1 -0 -0 -1 -0 0 0 0 0 0 0 0 0 1 0 0 1 0 0 1 0 0 1 -0 -0 -1 -0 -0 -1 -0 -0 -1 -0 -0 -1</float_array>
                    <technique_common>
                        <accessor count="40" source="#ID108" stride="3">
                            <param name="X" type="float" />
                            <param name="Y" type="float" />
                            <param name="Z" type="float" />
                        </accessor>
                    </technique_common>
                </source>
                <source id="ID105">
                    <Name_array id="ID109" count="0" />
                    <technique_common>
                        <accessor count="0" source="#ID109" stride="1">
                            <param name="skp_material" type="Name" />
                        </accessor>
                    </technique_common>
                </source>
                <vertices id="ID106">
                    <input semantic="POSITION" source="#ID103" />
                    <input semantic="NORMAL" source="#ID104" />
                </vertices>
                <triangles count="8" material="Material2">
                    <input offset="0" semantic="VERTEX" source="#ID106" />
                    <p>0 1 2 1 0 3 12 13 14 13 12 15 22 23 24 23 22 25 32 33 34 33 32 35</p>
                </triangles>
                <triangles count="8" material="Material3">
                    <input offset="0" semantic="VERTEX" source="#ID106" />
                    <p>4 5 6 7 6 5 16 17 18 19 18 17 26 27 28 29 28 27 36 37 38 39 38 37</p>
                </triangles>
                <lines count="12" material="Material4">
                    <input offset="0" semantic="VERTEX" source="#ID106" />
                    <p>8 9 9 10 11 10 8 11 9 20 20 21 10 21 30 8 31 11 30 31 20 30 21 31</p>
                </lines>
            </mesh>
        </geometry>
        <geometry id="ID111">
            <mesh>
                <source id="ID112">
                    <float_array id="ID116" count="3699">5.905512 51.1811 82.67717 0 25.59055 82.67717 0 51.1811 82.67717 23.62205 25.59055 82.67717 23.62205 51.1811 82.67717 23.62205 51.1811 82.67717 5.905512 51.1811 82.67717 23.62205 25.59055 82.67717 0 25.59055 82.67717 0 51.1811 82.67717 23.62205 25.59055 82.67717 23.62205 51.1811 82.67717 0 25.59055 82.67717 0 51.1811 82.67717 5.905512 51.1811 82.67717 23.62205 51.1811 82.67717 23.62205 25.59055 81.89147 23.62205 25.59055 82.67717 23.62205 26.37624 81.89147 23.62205 50.39541 81.89147 23.62205 50.39541 66.73057 23.62205 50.39541 65.94488 23.62205 51.1811 65.94488 23.62205 51.1811 65.94488 23.62205 51.1811 82.67717 23.62205 50.39541 65.94488 23.62205 50.39541 66.73057 23.62205 50.39541 81.89147 23.62205 26.37624 81.89147 23.62205 25.59055 81.89147 23.62205 25.59055 82.67717 23.62205 51.1811 65.94488 23.62205 50.39541 65.94488 23.62205 50.39541 66.73057 23.62205 50.39541 81.89147 23.62205 26.37624 81.89147 23.62205 25.59055 81.89147 23.62205 25.59055 66.73057 0 25.59055 65.94488 23.62205 25.59055 65.94488 0 25.59055 82.67717 23.62205 25.59055 81.89147 23.62205 25.59055 82.67717 23.62205 25.59055 82.67717 23.62205 25.59055 81.89147 0 25.59055 82.67717 23.62205 25.59055 66.73057 0 25.59055 65.94488 23.62205 25.59055 65.94488 0 25.59055 65.94488 23.62205 25.59055 65.94488 23.62205 25.59055 66.73057 0 24.80315 82.67717 22.83465 24.80315 82.67717 23.62205 24.80315 82.67717 23.62205 24.80315 82.67717 22.83465 24.80315 82.67717 0 24.80315 82.67717 0 24.80315 82.67717 22.83465 24.80315 82.67717 23.62205 24.80315 82.67717 0 50.39541 50.19685 0 25.59055 49.40945 0 25.59055 50.19685 0 50.3937 49.40945 0 50.3937 29.52756 0 50.3937 28.74016 0 50.3937 20.47244 0 50.3937 19.68504 0 50.3937 4.724409 0 25.59055 82.67717 0 26.37624 81.89147 0 25.59055 65.94488 0 51.1811 82.67717 0 50.39541 81.89147 0 50.39541 66.73057 0 50.39541 65.94488 2.842171e-14 51.1811 38.58268 2.842171e-14 51.1811 39.37008 2.842171e-14 80.31496 38.58268 2.842171e-14 51.1811 40.35433 2.842171e-14 171.9851 39.37008 2.842171e-14 81.10236 38.58268 2.842171e-14 80.31496 22.44094 2.842171e-14 80.31496 21.65354 0 80.31496 4.724409 2.842171e-14 110.6299 38.58268 2.842171e-14 111.7488 38.58268 2.842171e-14 110.6299 22.44094 2.842171e-14 110.6299 21.65354 0 110.6299 4.724409 2.842171e-14 141.2764 38.58268 2.842171e-14 142.0638 38.58268 2.842171e-14 141.2764 22.44094 2.842171e-14 141.2764 21.65354 0 141.2764 4.724409 2.842171e-14 171.1977 38.58268 2.842171e-14 171.1977 22.44094 2.842171e-14 171.1977 21.65354 0 171.1977 4.724409 0 0.8229962 4.724409 0 0.8229962 3.937008 0 0.8229962 38.54708 0 171.9851 3.937008 0 24.76755 4.724409 0 25.59055 4.724409 0 24.80315 39.37008 0 25.59055 29.52756 0 25.59055 28.74016 0 25.59055 20.47244 0 25.59055 19.68504 0 51.1811 4.724409 2.842171e-14 81.10236 4.724409 2.842171e-14 81.10236 22.44094 2.842171e-14 81.10236 21.65354 0 111.7488 4.724409 0 142.0638 4.724409 0 142.0638 22.44094 0 142.0638 21.65354 2.842171e-14 111.7488 22.44094 2.842171e-14 111.7488 21.65354 2.842171e-14 51.1811 22.44094 2.842171e-14 51.1811 21.65354 0 26.37624 66.73057 0 0.7874016 39.37008 0 24.76755 38.54708 0 24.80315 81.88976 0 24.80315 82.67717 0 0.7874016 82.67717 0 0 9.947598e-14 0 0 82.67717 0 0.8229962 9.806848e-14 0 0.7874016 81.88976 0 0.8229962 3.937008 0 0.8229962 38.54708 0 0.8229962 9.806848e-14 0 0.7874016 39.37008 0 0.7874016 81.88976 0 0.7874016 82.67717 0 0 9.947598e-14 0 0 82.67717 0 24.80315 39.37008 0 25.59055 82.67717 0 24.80315 81.88976 0 24.80315 82.67717 0 24.76755 4.724409 0 24.76755 38.54708 0 50.3937 28.74016 0 50.3937 29.52756 0 25.59055 28.74016 0 25.59055 29.52756 0 50.3937 19.68504 0 50.3937 20.47244 0 25.59055 19.68504 0 25.59055 20.47244 0 50.39541 66.73057 0 26.37624 66.73057 0 50.39541 65.94488 0 26.37624 81.89147 0 25.59055 65.94488 2.842171e-14 80.31496 21.65354 2.842171e-14 80.31496 22.44094 2.842171e-14 51.1811 21.65354 2.842171e-14 51.1811 22.44094 0 51.1811 4.724409 2.842171e-14 51.1811 38.58268 2.842171e-14 110.6299 21.65354 2.842171e-14 110.6299 22.44094 2.842171e-14 81.10236 21.65354 2.842171e-14 81.10236 22.44094 2.842171e-14 141.2764 21.65354 2.842171e-14 141.2764 22.44094 2.842171e-14 111.7488 21.65354 2.842171e-14 111.7488 22.44094 0 111.7488 4.724409 2.842171e-14 111.7488 38.58268 2.842171e-14 171.1977 21.65354 2.842171e-14 171.1977 22.44094 0 142.0638 21.65354 0 142.0638 22.44094 2.842171e-14 171.9851 39.37008 0 171.1977 4.724409 0 171.9851 3.937008 0 142.0638 4.724409 2.842171e-14 142.0638 38.58268 0 141.2764 4.724409 0 110.6299 4.724409 2.842171e-14 81.10236 4.724409 2.842171e-14 81.10236 38.58268 0 80.31496 4.724409 0 50.39541 50.19685 0 50.3937 4.724409 0 25.59055 4.724409 0 25.59055 49.40945 0 25.59055 50.19685 0 0.8229962 4.724409 2.842171e-14 171.1977 38.58268 2.842171e-14 141.2764 38.58268 2.842171e-14 110.6299 38.58268 2.842171e-14 80.31496 38.58268 2.842171e-14 51.1811 39.37008 2.842171e-14 51.1811 40.35433 0 51.1811 82.67717 0 50.39541 81.89147 0 50.3937 49.40945 2.842171e-14 51.1811 39.37008 2.842171e-14 51.1811 40.35433 2.842171e-14 171.9851 39.37008 0 171.9851 3.937008 0 0.8229962 3.937008 0 0.8229962 9.806848e-14 0 0 9.947598e-14 0 0 82.67717 0 0.7874016 82.67717 0 0.7874016 81.88976 0 0.7874016 39.37008 0 24.80315 39.37008 0 24.80315 81.88976 0 25.59055 50.19685 0 25.59055 49.40945 0 25.59055 29.52756 0 50.3937 29.52756 0 50.3937 49.40945 0 50.39541 50.19685 0 50.39541 65.94488 0 26.37624 66.73057 0 26.37624 81.89147 0 50.39541 66.73057 0 50.39541 81.89147 0 0.8229962 4.724409 0 0.8229962 38.54708 0 24.76755 4.724409 0 24.76755 38.54708 0 50.3937 4.724409 0 25.59055 4.724409 0 50.3937 19.68504 0 25.59055 19.68504 0 25.59055 20.47244 0 50.3937 20.47244 0 50.3937 28.74016 0 25.59055 28.74016 2.842171e-14 51.1811 38.58268 2.842171e-14 51.1811 22.44094 2.842171e-14 80.31496 22.44094 2.842171e-14 80.31496 38.58268 2.842171e-14 111.7488 38.58268 2.842171e-14 111.7488 22.44094 2.842171e-14 141.2764 22.44094 2.842171e-14 141.2764 38.58268 2.842171e-14 81.10236 38.58268 2.842171e-14 81.10236 22.44094 2.842171e-14 110.6299 22.44094 2.842171e-14 110.6299 38.58268 2.842171e-14 142.0638 38.58268 0 142.0638 22.44094 2.842171e-14 171.1977 22.44094 2.842171e-14 171.1977 38.58268 2.842171e-14 171.1977 21.65354 0 142.0638 21.65354 0 142.0638 4.724409 0 171.1977 4.724409 2.842171e-14 141.2764 21.65354 2.842171e-14 111.7488 21.65354 0 111.7488 4.724409 0 141.2764 4.724409 2.842171e-14 110.6299 21.65354 2.842171e-14 81.10236 21.65354 2.842171e-14 81.10236 4.724409 0 110.6299 4.724409 2.842171e-14 80.31496 21.65354 2.842171e-14 51.1811 21.65354 0 51.1811 4.724409 0 80.31496 4.724409 2.842171e-14 51.1811 40.35433 22.44094 51.1811 49.40945 22.44094 51.1811 40.35433 5.905512 51.1811 65.94488 0 51.1811 82.67717 5.905512 51.1811 82.67717 22.44094 51.1811 65.94488 5.905512 51.1811 65.94488 22.44094 51.1811 49.40945 22.44094 51.1811 65.94488 5.905512 51.1811 82.67717 0 51.1811 82.67717 2.842171e-14 51.1811 40.35433 22.44094 51.1811 40.35433 22.44094 51.1811 40.35433 5.905512 51.1811 65.94488 22.44094 51.1811 65.94488 22.44094 51.1811 49.40945 23.62205 51.1811 82.67717 5.905512 154.2685 83.66142 5.905512 51.1811 82.67717 23.62205 154.2685 83.66142 23.62205 154.2685 83.66142 23.62205 51.1811 82.67717 5.905512 154.2685 83.66142 5.905512 51.1811 82.67717 23.62205 154.2685 83.66142 5.905512 154.2685 83.66142 23.62205 51.1811 65.94488 23.62205 51.1811 82.67717 23.62205 51.1811 82.67717 23.62205 51.1811 65.94488 23.62205 154.2685 65.94488 23.62205 51.1811 82.67717 23.62205 51.1811 65.94488 23.62205 154.2685 83.66142 23.62205 154.2685 83.66142 23.62205 154.2685 65.94488 23.62205 51.1811 82.67717 23.62205 51.1811 65.94488 23.62205 154.2685 65.94488 23.62205 51.1811 65.94488 23.62205 50.39541 50.19685 23.62205 50.39541 65.94488 23.62205 25.59055 49.40945 23.62205 25.59055 50.19685 23.62205 51.1811 49.40945 23.62205 51.1811 65.94488 23.62205 50.39541 50.19685 23.62205 51.1811 49.40945 23.62205 25.59055 49.40945 23.62205 25.59055 50.19685 23.62205 50.39541 65.94488 23.62205 51.1811 49.40945 23.62205 25.59055 49.40945 23.62205 25.59055 50.19685 23.62205 50.39541 50.19685 23.62205 26.37966 66.73057 23.62205 26.37624 65.94488 23.62205 26.37624 66.73057 23.62205 50.39541 65.94488 23.62205 50.39541 66.73057 23.62205 50.39541 66.73057 23.62205 26.37966 66.73057 23.62205 50.39541 65.94488 23.62205 26.37624 65.94488 23.62205 26.37624 66.73057 23.62205 26.37624 65.94488 23.62205 26.37624 66.73057 23.62205 26.37966 66.73057 23.62205 50.39541 81.89147 23.62205 26.37624 66.73057 23.62205 26.37624 81.89147 23.62205 26.37966 66.73057 23.62205 50.39541 66.73057 23.62205 50.39541 66.73057 23.62205 50.39541 81.89147 23.62205 26.37966 66.73057 23.62205 26.37624 66.73057 23.62205 26.37624 81.89147 23.62205 50.39541 81.89147 0 50.39541 66.73057 23.62205 50.39541 66.73057 0 50.39541 81.89147 0 50.39541 81.89147 23.62205 50.39541 81.89147 0 50.39541 66.73057 23.62205 50.39541 66.73057 23.62205 50.39541 81.89147 0 26.37624 81.89147 0 50.39541 81.89147 23.62205 26.37624 81.89147 23.62205 26.37624 81.89147 23.62205 50.39541 81.89147 0 26.37624 81.89147 0 50.39541 81.89147 23.62205 25.59055 66.73057 23.62205 25.59055 81.89147 23.62205 25.59055 66.73057 23.62205 25.59055 81.89147 23.62205 0.7874016 82.67717 23.62205 0 4.724409 23.62205 0 82.67717 23.62205 25.59055 4.724409 23.62205 24.80315 82.67717 23.62205 25.59055 82.67717 23.62205 25.59055 81.89147 23.62205 25.59055 66.73057 23.62205 25.59055 65.94488 23.62205 25.59055 50.19685 23.62205 25.59055 49.40945 23.62205 25.59055 28.74016 23.62205 25.59055 28.74016 23.62205 25.59055 49.40945 23.62205 25.59055 4.724409 23.62205 25.59055 50.19685 23.62205 25.59055 65.94488 23.62205 25.59055 66.73057 23.62205 25.59055 81.89147 23.62205 25.59055 82.67717 23.62205 24.80315 82.67717 23.62205 0.7874016 82.67717 23.62205 0 4.724409 23.62205 0 82.67717 23.62205 25.59055 28.74016 23.62205 25.59055 4.724409 23.62205 0 4.724409 23.62205 0 82.67717 23.62205 0.7874016 82.67717 0 25.59055 65.94488 23.62205 25.59055 50.19685 0 25.59055 50.19685 23.62205 25.59055 65.94488 23.62205 25.59055 65.94488 0 25.59055 65.94488 23.62205 25.59055 50.19685 0 25.59055 50.19685 23.62205 50.39541 65.94488 0 25.59055 65.94488 0 50.39541 65.94488 23.62205 26.37624 65.94488 23.62205 25.59055 65.94488 23.62205 26.37624 65.94488 0 25.59055 65.94488 23.62205 25.59055 65.94488 23.62205 50.39541 65.94488 0 50.39541 65.94488 23.62205 25.59055 65.94488 23.62205 26.37624 65.94488 23.62205 26.37624 65.94488 23.62205 25.59055 65.94488 0 24.80315 81.88976 22.83465 24.80315 39.37008 0 24.80315 39.37008 22.83465 24.80315 82.67717 0 24.80315 82.67717 0 24.80315 82.67717 0 24.80315 81.88976 22.83465 24.80315 82.67717 22.83465 24.80315 39.37008 0 24.80315 39.37008 22.83465 24.80315 39.37008 0 0.7874016 82.67717 22.83465 0.7874016 82.67717 22.83465 0.7874016 82.67717 0 0.7874016 82.67717 22.83465 0.7874016 82.67717 23.62205 0.7874016 82.67717 23.62205 0.7874016 82.67717 2.842171e-14 51.1811 40.35433 -1.968504 51.1811 39.37008 2.842171e-14 51.1811 39.37008 -1.968504 51.1811 40.35433 -1.968504 51.1811 40.35433 2.842171e-14 51.1811 40.35433 -1.968504 51.1811 39.37008 2.842171e-14 51.1811 39.37008 -1.968504 51.1811 39.37008 -1.968504 51.1811 40.35433 23.62205 51.1811 40.35433 23.62205 51.1811 39.37008 22.44094 51.1811 40.35433 22.44094 51.1811 40.35433 23.62205 51.1811 40.35433 23.62205 51.1811 39.37008 23.62205 51.1811 39.37008 23.62205 51.1811 40.35433 2.842171e-14 171.9851 39.37008 -1.968504 51.1811 39.37008 -1.968504 171.9851 39.37008 2.842171e-14 51.1811 39.37008 2.842171e-14 51.1811 39.37008 2.842171e-14 171.9851 39.37008 -1.968504 51.1811 39.37008 -1.968504 171.9851 39.37008 -1.968504 171.9851 39.37008 23.62205 171.9851 39.37008 23.62205 51.1811 39.37008 23.62205 51.1811 39.37008 23.62205 171.9851 39.37008 23.62205 171.9851 39.37008 2.842171e-14 171.9851 39.37008 3.937008 171.9851 3.937008 0 171.9851 3.937008 23.62205 171.9851 3.937008 23.62205 171.9851 39.37008 23.62205 171.9851 1.98952e-13 3.937008 171.9851 1.98952e-13 23.62205 171.9851 3.937008 3.937008 171.9851 3.937008 23.62205 171.9851 1.98952e-13 3.937008 171.9851 1.98952e-13 23.62205 171.9851 39.37008 2.842171e-14 171.9851 39.37008 0 171.9851 3.937008 23.62205 171.9851 3.937008 23.62205 171.9851 1.98952e-13 3.937008 171.9851 1.98952e-13 3.937008 171.9851 3.937008 3.937008 171.9851 3.937008 0 0.8229962 3.937008 0 171.9851 3.937008 3.937008 0.8229962 3.937008 3.937008 51.1811 3.937008 3.937008 50.3937 3.937008 3.937008 25.59055 3.937008 3.937008 24.76755 3.937008 3.937008 24.76755 3.937008 3.937008 25.59055 3.937008 3.937008 0.8229962 3.937008 3.937008 50.3937 3.937008 3.937008 51.1811 3.937008 3.937008 171.9851 3.937008 0 0.8229962 3.937008 0 171.9851 3.937008 3.937008 0.8229962 3.937008 3.937008 51.1811 3.937008 3.937008 50.3937 3.937008 3.937008 25.59055 3.937008 3.937008 24.76755 3.937008 0 0.8229962 9.806848e-14 3.937008 0.8229962 0.8229962 3.937008 0.8229962 9.061414e-14 0 0.8229962 3.937008 3.937008 0.8229962 3.937008 3.937008 0.8229962 3.937008 0 0.8229962 3.937008 3.937008 0.8229962 0.8229962 0 0.8229962 9.806848e-14 3.937008 0.8229962 9.061414e-14 3.937008 0.8229962 0.8229962 3.937008 0.8229962 9.061414e-14 23.62205 0 1.98952e-13 0 0.8229962 9.806848e-14 0 0 9.947598e-14 3.937008 0.8229962 9.061414e-14 3.937008 171.9851 1.98952e-13 23.62205 171.9851 1.98952e-13 23.62205 25.59055 1.527667e-13 23.62205 51.1811 9.947598e-14 23.62205 51.1811 9.947598e-14 23.62205 25.59055 1.527667e-13 23.62205 171.9851 1.98952e-13 23.62205 0 1.98952e-13 3.937008 171.9851 1.98952e-13 3.937008 0.8229962 9.061414e-14 0 0.8229962 9.806848e-14 0 0 9.947598e-14 23.62205 0 1.98952e-13 23.62205 25.59055 1.527667e-13 23.62205 51.1811 9.947598e-14 0 0 82.67717 23.62205 0 1.98952e-13 0 0 9.947598e-14 23.62205 0 3.937008 23.62205 0 4.724409 23.62205 0 82.67717 23.62205 0 82.67717 0 0 82.67717 23.62205 0 4.724409 23.62205 0 3.937008 23.62205 0 1.98952e-13 0 0 9.947598e-14 23.62205 0 3.937008 22.83465 0.7874016 82.67717 0 0 82.67717 0 0.7874016 82.67717 23.62205 0 82.67717 23.62205 0.7874016 82.67717 23.62205 0.7874016 82.67717 22.83465 0.7874016 82.67717 23.62205 0 82.67717 0 0 82.67717 0 0.7874016 82.67717 22.83465 0.7874016 82.67717 0 0.7874016 39.37008 22.83465 0.7874016 39.37008 0 0.7874016 81.88976 0 0.7874016 82.67717 0 0.7874016 82.67717 22.83465 0.7874016 82.67717 0 0.7874016 81.88976 0 0.7874016 39.37008 22.83465 0.7874016 39.37008 22.83465 0.7874016 39.37008 0 24.80315 82.67717 0 0.7874016 81.88976 0 0.7874016 82.67717 0 24.80315 81.88976 0 24.80315 81.88976 0 24.80315 82.67717 0 0.7874016 81.88976 0 0.7874016 82.67717 22.83465 0.7874016 39.37008 0 24.80315 39.37008 0 0.7874016 39.37008 22.83465 24.80315 39.37008 22.83465 24.80315 39.37008 22.83465 0.7874016 39.37008 0 24.80315 39.37008 0 0.7874016 39.37008 0 25.59055 49.40945 23.62205 25.59055 49.40945 22.83465 25.59055 49.40945 0 25.59055 49.40945 23.62205 25.59055 49.40945 22.83465 25.59055 49.40945 22.83465 25.59055 49.40945 22.83465 25.59055 29.52756 0 25.59055 29.52756 22.83465 25.59055 39.37008 22.83465 25.59055 39.37008 22.83465 25.59055 29.52756 0 25.59055 29.52756 22.83465 25.59055 39.37008 22.83465 25.59055 29.52756 22.83465 50.3937 29.52756 0 25.59055 29.52756 0 50.3937 29.52756 22.83465 25.59055 29.52756 22.83465 25.59055 29.52756 22.83465 50.3937 29.52756 0 25.59055 29.52756 0 50.3937 29.52756 22.83465 50.3937 29.52756 22.83465 50.3937 49.40945 0 50.3937 29.52756 22.83465 50.3937 29.52756 0 50.3937 49.40945 0 50.3937 49.40945 22.83465 50.3937 49.40945 0 50.3937 29.52756 22.83465 50.3937 29.52756 22.83465 50.3937 49.40945 22.83465 25.59055 49.40945 0 50.3937 49.40945 0 25.59055 49.40945 22.83465 50.3937 49.40945 22.83465 50.3937 49.40945 22.83465 25.59055 49.40945 0 50.3937 49.40945 0 25.59055 49.40945 23.62205 50.39541 50.19685 0 25.59055 50.19685 0 50.39541 50.19685 23.62205 25.59055 50.19685 23.62205 25.59055 50.19685 23.62205 50.39541 50.19685 0 25.59055 50.19685 0 50.39541 50.19685 0 50.39541 65.94488 23.62205 50.39541 50.19685 0 50.39541 50.19685 23.62205 50.39541 65.94488 23.62205 50.39541 65.94488 0 50.39541 65.94488 23.62205 50.39541 50.19685 0 50.39541 50.19685 2.842171e-14 51.1811 40.35433 -1.968504 171.9851 40.35433 -1.968504 51.1811 40.35433 22.44094 171.9851 40.35433 22.44094 51.1811 40.35433 22.44094 51.1811 40.35433 2.842171e-14 51.1811 40.35433 22.44094 171.9851 40.35433 -1.968504 171.9851 40.35433 -1.968504 51.1811 40.35433 22.44094 171.9851 40.35433 -1.968504 171.9851 40.35433 5.905512 51.1811 82.67717 5.905512 51.9685 81.89728 5.905512 51.1811 65.94488 5.905512 154.2685 83.66142 5.905512 85.03787 82.21198 5.905512 85.82524 82.21947 5.905512 85.03787 66.73228 5.905512 119.6417 82.54128 5.905512 120.4291 82.54877 5.905512 119.6417 66.73228 5.905512 153.4812 82.8633 5.905512 51.9685 66.73228 5.905512 154.2685 65.94488 5.905512 85.82524 66.73228 5.905512 120.4291 66.73228 5.905512 153.4811 66.73228 5.905512 154.2685 83.66142 5.905512 153.4812 82.8633 5.905512 154.2685 65.94488 5.905512 153.4811 66.73228 5.905512 120.4291 66.73228 5.905512 120.4291 82.54877 5.905512 119.6417 66.73228 5.905512 85.82524 66.73228 5.905512 85.82524 82.21947 5.905512 85.03787 66.73228 5.905512 51.9685 66.73228 5.905512 51.9685 81.89728 5.905512 51.1811 65.94488 5.905512 119.6417 82.54128 5.905512 85.03787 82.21198 5.905512 51.1811 82.67717 5.905512 154.2685 65.94488 5.905512 85.82524 82.21947 5.905512 119.6417 82.54128 5.905512 85.82524 66.73228 5.905512 119.6417 66.73228 5.905512 51.9685 81.89728 5.905512 85.03787 82.21198 5.905512 51.9685 66.73228 5.905512 85.03787 66.73228 5.905512 153.4811 66.73228 5.905512 120.4291 66.73228 5.905512 153.4812 82.8633 5.905512 120.4291 82.54877 22.44094 154.2685 65.94488 5.905512 51.1811 65.94488 5.905512 154.2685 65.94488 22.44094 51.1811 65.94488 22.44094 51.1811 65.94488 22.44094 154.2685 65.94488 5.905512 51.1811 65.94488 5.905512 154.2685 65.94488 22.44094 154.2685 65.94488 22.44094 154.2685 65.94488 22.44094 51.1811 49.40945 22.44094 51.1811 65.94488 22.44094 51.1811 40.35433 22.44094 171.9851 40.35433 22.44094 171.9851 65.94488 22.44094 171.9851 65.94488 22.44094 154.2685 65.94488 22.44094 171.9851 40.35433 22.44094 51.1811 40.35433 22.44094 51.1811 49.40945 22.44094 51.1811 65.94488 22.44094 171.9851 65.94488 23.62205 51.1811 49.40945 23.62205 51.1811 49.40945 23.62205 51.1811 40.35433 23.62205 51.1811 40.35433 5.905512 154.2685 83.66142 22.44094 154.2685 65.94488 5.905512 154.2685 65.94488 23.62205 154.2685 65.94488 23.62205 154.2685 83.66142 23.62205 154.2685 83.66142 5.905512 154.2685 83.66142 23.62205 154.2685 65.94488 22.44094 154.2685 65.94488 5.905512 154.2685 65.94488 23.62205 154.2685 65.94488 23.62205 51.1811 65.94488 23.62205 51.1811 65.94488 23.62205 154.2685 65.94488 23.62205 171.9851 40.35433 23.62205 51.1811 49.40945 23.62205 51.1811 40.35433 23.62205 51.1811 65.94488 23.62205 154.2685 65.94488 23.62205 171.9851 65.94488 23.62205 171.9851 65.94488 23.62205 171.9851 40.35433 23.62205 154.2685 65.94488 23.62205 51.1811 65.94488 23.62205 51.1811 49.40945 23.62205 51.1811 40.35433 23.62205 171.9851 65.94488 23.62205 171.9851 40.35433 23.62205 51.1811 28.74016 23.62205 51.1811 29.52756 23.62205 50.3937 28.74016 23.62205 25.59055 49.40945 23.62205 25.59055 28.74016 23.62205 51.1811 49.40945 23.62205 51.1811 38.58268 23.62205 51.1811 39.37008 23.62205 51.1811 40.35433 23.62205 51.1811 40.35433 23.62205 51.1811 39.37008 23.62205 51.1811 49.40945 23.62205 51.1811 38.58268 23.62205 51.1811 29.52756 23.62205 50.3937 28.74016 23.62205 25.59055 49.40945 23.62205 25.59055 28.74016 23.62205 51.1811 28.74016 23.62205 50.3937 28.74016 23.62205 51.1811 28.74016 23.62205 51.1811 29.52756 23.62205 51.1811 38.58268 23.62205 26.37624 65.94488 23.62205 25.59055 50.19685 23.62205 25.59055 65.94488 23.62205 50.39541 50.19685 23.62205 50.39541 65.94488 23.62205 50.39541 65.94488 23.62205 26.37624 65.94488 23.62205 50.39541 50.19685 23.62205 25.59055 50.19685 23.62205 25.59055 65.94488 23.62205 26.37624 66.73057 0 50.39541 66.73057 0 26.37624 66.73057 23.62205 50.39541 66.73057 23.62205 26.37966 66.73057 23.62205 26.37966 66.73057 23.62205 26.37624 66.73057 23.62205 50.39541 66.73057 0 50.39541 66.73057 0 26.37624 66.73057 0 26.37624 81.89147 23.62205 26.37624 66.73057 0 26.37624 66.73057 23.62205 26.37624 81.89147 23.62205 26.37624 81.89147 0 26.37624 81.89147 23.62205 26.37624 66.73057 0 26.37624 66.73057 22.83465 25.59055 28.74016 23.62205 25.59055 28.74016 22.83465 25.59055 28.74016 23.62205 25.59055 28.74016 22.83465 25.59055 28.74016 23.62205 51.1811 9.947598e-14 23.62205 25.59055 3.937008 23.62205 25.59055 1.527667e-13 23.62205 25.59055 4.724409 23.62205 25.59055 28.74016 23.62205 50.3937 28.74016 23.62205 51.1811 28.74016 23.62205 51.1811 3.937008 23.62205 51.1811 3.937008 23.62205 51.1811 9.947598e-14 23.62205 51.1811 28.74016 23.62205 50.3937 28.74016 23.62205 25.59055 28.74016 23.62205 25.59055 4.724409 23.62205 25.59055 3.937008 23.62205 25.59055 1.527667e-13 23.62205 51.1811 3.937008 23.62205 25.59055 3.937008 23.62205 0 3.937008 23.62205 0 4.724409 23.62205 0 3.937008 23.62205 0 4.724409 22.83465 24.80315 39.37008 22.83465 0.7874016 82.67717 22.83465 0.7874016 39.37008 22.83465 24.80315 82.67717 22.83465 24.80315 82.67717 22.83465 24.80315 39.37008 22.83465 0.7874016 82.67717 22.83465 0.7874016 39.37008 -1.968504 171.9851 40.35433 -1.968504 51.1811 39.37008 -1.968504 51.1811 40.35433 -1.968504 171.9851 39.37008 -1.968504 171.9851 39.37008 -1.968504 171.9851 40.35433 -1.968504 51.1811 39.37008 -1.968504 51.1811 40.35433 23.62205 171.9851 39.37008 23.62205 51.1811 39.37008 23.62205 171.9851 39.37008 23.62205 51.1811 39.37008 -1.968504 171.9851 40.35433 -1.968504 171.9851 39.37008 23.62205 171.9851 40.35433 22.44094 171.9851 40.35433 22.44094 171.9851 65.94488 23.62205 171.9851 65.94488 23.62205 171.9851 65.94488 22.44094 171.9851 65.94488 23.62205 171.9851 40.35433 22.44094 171.9851 40.35433 -1.968504 171.9851 40.35433 -1.968504 171.9851 39.37008 23.62205 51.1811 28.74016 23.62205 51.1811 38.58268 23.62205 51.1811 29.52756 23.62205 51.1811 39.37008 23.62205 51.1811 3.937008 23.62205 171.9851 3.937008 23.62205 171.9851 39.37008 23.62205 171.9851 39.37008 23.62205 171.9851 3.937008 23.62205 51.1811 39.37008 23.62205 51.1811 3.937008 23.62205 51.1811 28.74016 23.62205 51.1811 38.58268 23.62205 51.1811 29.52756 23.62205 171.9851 1.98952e-13 23.62205 51.1811 3.937008 23.62205 51.1811 9.947598e-14 23.62205 171.9851 3.937008 23.62205 171.9851 3.937008 23.62205 171.9851 1.98952e-13 23.62205 51.1811 3.937008 23.62205 51.1811 9.947598e-14 3.937008 171.9851 1.98952e-13 3.937008 0.8229962 0.8229962 3.937008 0.8229962 9.061414e-14 3.937008 0.8229962 3.937008 3.937008 24.76755 3.937008 3.937008 25.59055 3.937008 3.937008 50.3937 3.937008 3.937008 51.1811 3.937008 3.937008 171.9851 3.937008 3.937008 171.9851 3.937008 3.937008 171.9851 1.98952e-13 3.937008 51.1811 3.937008 3.937008 50.3937 3.937008 3.937008 25.59055 3.937008 3.937008 24.76755 3.937008 3.937008 0.8229962 3.937008 3.937008 0.8229962 0.8229962 3.937008 0.8229962 9.061414e-14 22.83465 50.3937 3.937008 3.937008 25.59055 3.937008 3.937008 50.3937 3.937008 22.83465 25.59055 3.937008 22.83465 25.59055 3.937008 22.83465 50.3937 3.937008 3.937008 25.59055 3.937008 3.937008 50.3937 3.937008 22.83465 25.59055 3.937008 22.83465 50.3937 3.937008 22.83465 24.76755 3.937008 3.937008 0.8229962 3.937008 3.937008 24.76755 3.937008 22.83465 0.8229962 3.937008 22.83465 0.8229962 3.937008 22.83465 24.76755 3.937008 3.937008 0.8229962 3.937008 3.937008 24.76755 3.937008 22.83465 0.8229962 3.937008 22.83465 24.76755 3.937008 23.62205 0 1.98952e-13 23.62205 0 1.98952e-13 22.83465 50.3937 49.40945 22.83465 25.59055 39.37008 22.83465 25.59055 49.40945 22.83465 25.59055 29.52756 22.83465 50.3937 29.52756 22.83465 50.3937 29.52756 22.83465 50.3937 49.40945 22.83465 25.59055 29.52756 22.83465 25.59055 39.37008 22.83465 25.59055 49.40945 22.83465 50.3937 29.52756 22.83465 25.59055 28.74016 22.83465 25.59055 29.52756 22.83465 50.3937 28.74016 22.83465 51.1811 29.52756 22.83465 51.1811 28.74016 22.83465 51.1811 28.74016 22.83465 51.1811 29.52756 22.83465 50.3937 28.74016 22.83465 50.3937 29.52756 22.83465 25.59055 28.74016 22.83465 25.59055 29.52756 22.83465 50.3937 28.74016 22.83465 51.1811 29.52756 22.83465 51.1811 28.74016 23.62205 154.2685 65.94488 22.44094 171.9851 65.94488 22.44094 154.2685 65.94488 23.62205 171.9851 65.94488 23.62205 171.9851 65.94488 23.62205 154.2685 65.94488 22.44094 171.9851 65.94488 22.44094 154.2685 65.94488 23.62205 50.3937 28.74016 22.83465 25.59055 28.74016 22.83465 50.3937 28.74016 23.62205 25.59055 28.74016 23.62205 25.59055 28.74016 23.62205 50.3937 28.74016 22.83465 25.59055 28.74016 22.83465 50.3937 28.74016 23.62205 51.1811 28.74016 22.83465 50.3937 28.74016 22.83465 51.1811 28.74016 23.62205 50.3937 28.74016 23.62205 50.3937 28.74016 23.62205 51.1811 28.74016 22.83465 50.3937 28.74016 22.83465 51.1811 28.74016 23.62205 51.1811 29.52756 22.83465 51.1811 28.74016 23.62205 51.1811 28.74016 22.83465 51.1811 29.52756 22.83465 51.1811 29.52756 23.62205 51.1811 29.52756 22.83465 51.1811 28.74016 23.62205 51.1811 28.74016 23.62205 51.1811 38.58268 22.83465 51.1811 29.52756 23.62205 51.1811 29.52756 22.83465 51.1811 38.58268 22.83465 51.1811 38.58268 23.62205 51.1811 38.58268 22.83465 51.1811 29.52756 23.62205 51.1811 29.52756 22.83465 51.1811 38.58268 22.83465 25.59055 4.724409 3.937008 25.59055 3.937008 22.83465 25.59055 3.937008 3.937008 25.59055 4.724409 3.937008 25.59055 4.724409 22.83465 25.59055 4.724409 3.937008 25.59055 3.937008 22.83465 25.59055 3.937008 3.937008 25.59055 4.724409 22.83465 25.59055 4.724409 22.83465 50.3937 3.937008 22.83465 25.59055 4.724409 22.83465 25.59055 3.937008 22.83465 50.3937 4.724409 22.83465 50.3937 4.724409 22.83465 50.3937 3.937008 22.83465 25.59055 4.724409 22.83465 25.59055 3.937008 22.83465 50.3937 4.724409 22.83465 24.76755 0.8229962 22.83465 0.8229962 3.937008 22.83465 0.8229962 0.8229962 22.83465 24.76755 3.937008 22.83465 24.76755 3.937008 22.83465 24.76755 0.8229962 22.83465 0.8229962 3.937008 22.83465 0.8229962 0.8229962 22.83465 24.76755 0.8229962 22.83465 0.8229962 0.8229962 22.83465 25.59055 28.74016 0 50.3937 28.74016 0 25.59055 28.74016 22.83465 50.3937 28.74016 22.83465 50.3937 28.74016 22.83465 25.59055 28.74016 0 50.3937 28.74016 0 25.59055 28.74016 22.83465 50.3937 20.47244 22.83465 25.59055 28.74016 22.83465 25.59055 20.47244 22.83465 50.3937 28.74016 22.83465 50.3937 28.74016 22.83465 50.3937 20.47244 22.83465 25.59055 28.74016 22.83465 25.59055 20.47244 22.83465 50.3937 20.47244 22.83465 25.59055 20.47244 22.83465 51.1811 28.74016 2.842171e-14 51.1811 22.44094 22.83465 51.1811 22.44094 2.842171e-14 51.1811 38.58268 22.83465 51.1811 29.52756 22.83465 51.1811 38.58268 22.83465 51.1811 38.58268 22.83465 51.1811 29.52756 2.842171e-14 51.1811 38.58268 22.83465 51.1811 28.74016 2.842171e-14 51.1811 22.44094 22.83465 51.1811 22.44094 22.83465 51.1811 22.44094 22.83465 80.31496 38.58268 22.83465 51.1811 29.52756 22.83465 51.1811 38.58268 22.83465 51.1811 28.74016 22.83465 51.1811 22.44094 22.83465 80.31496 22.44094 22.83465 80.31496 22.44094 22.83465 80.31496 38.58268 22.83465 51.1811 22.44094 22.83465 51.1811 28.74016 22.83465 51.1811 29.52756 22.83465 51.1811 38.58268 22.83465 80.31496 22.44094 22.83465 80.31496 38.58268 22.83465 25.59055 19.68504 0 25.59055 4.724409 0 25.59055 19.68504 0 25.59055 19.68504 22.83465 25.59055 19.68504 0 25.59055 4.724409 22.83465 25.59055 19.68504 3.937008 25.59055 4.724409 0 50.3937 4.724409 0 25.59055 4.724409 22.83465 50.3937 4.724409 22.83465 25.59055 4.724409 22.83465 25.59055 4.724409 3.937008 25.59055 4.724409 22.83465 50.3937 4.724409 0 50.3937 4.724409 0 25.59055 4.724409 22.83465 50.3937 4.724409 22.83465 25.59055 19.68504 22.83465 25.59055 4.724409 22.83465 50.3937 19.68504 22.83465 50.3937 19.68504 22.83465 50.3937 4.724409 22.83465 25.59055 19.68504 22.83465 25.59055 4.724409 22.83465 50.3937 19.68504 22.83465 50.3937 28.74016 0 50.3937 20.47244 22.83465 50.3937 20.47244 0 50.3937 28.74016 0 50.3937 28.74016 22.83465 50.3937 28.74016 0 50.3937 20.47244 22.83465 50.3937 20.47244 22.83465 25.59055 28.74016 0 25.59055 20.47244 22.83465 25.59055 20.47244 0 25.59055 28.74016 0 25.59055 28.74016 22.83465 25.59055 28.74016 0 25.59055 20.47244 22.83465 25.59055 20.47244 22.83465 25.59055 20.47244 0 50.3937 20.47244 0 25.59055 20.47244 22.83465 50.3937 20.47244 22.83465 50.3937 20.47244 22.83465 25.59055 20.47244 0 50.3937 20.47244 0 25.59055 20.47244 22.83465 50.3937 19.68504 22.83465 25.59055 20.47244 22.83465 25.59055 19.68504 22.83465 50.3937 20.47244 22.83465 50.3937 20.47244 22.83465 50.3937 19.68504 22.83465 25.59055 20.47244 22.83465 25.59055 19.68504 22.83465 80.31496 38.58268 2.842171e-14 51.1811 38.58268 2.842171e-14 80.31496 38.58268 22.83465 51.1811 38.58268 22.83465 51.1811 38.58268 22.83465 80.31496 38.58268 2.842171e-14 51.1811 38.58268 2.842171e-14 80.31496 38.58268 22.83465 51.1811 22.44094 2.842171e-14 80.31496 22.44094 2.842171e-14 51.1811 22.44094 22.83465 80.31496 22.44094 22.83465 80.31496 22.44094 22.83465 51.1811 22.44094 2.842171e-14 80.31496 22.44094 2.842171e-14 51.1811 22.44094 22.83465 80.31496 38.58268 2.842171e-14 80.31496 22.44094 22.83465 80.31496 22.44094 2.842171e-14 80.31496 38.58268 2.842171e-14 80.31496 38.58268 22.83465 80.31496 38.58268 2.842171e-14 80.31496 22.44094 22.83465 80.31496 22.44094 22.83465 50.3937 19.68504 0 25.59055 19.68504 0 50.3937 19.68504 22.83465 25.59055 19.68504 22.83465 25.59055 19.68504 22.83465 50.3937 19.68504 0 25.59055 19.68504 0 50.3937 19.68504 22.83465 50.3937 19.68504 0 50.3937 4.724409 22.83465 50.3937 4.724409 0 50.3937 19.68504 0 50.3937 19.68504 22.83465 50.3937 19.68504 0 50.3937 4.724409 22.83465 50.3937 4.724409 22.83465 51.1811 19.68504 22.83465 50.3937 20.47244 22.83465 50.3937 19.68504 22.83465 51.1811 20.47244 22.83465 51.1811 20.47244 22.83465 51.1811 19.68504 22.83465 50.3937 20.47244 22.83465 50.3937 19.68504 22.83465 51.1811 20.47244 22.83465 51.1811 19.68504 22.83465 51.1811 21.65354 22.83465 51.1811 19.68504 22.83465 51.1811 20.47244 22.83465 51.1811 4.724409 22.83465 80.31496 4.724409 22.83465 80.31496 21.65354 22.83465 80.31496 21.65354 22.83465 51.1811 21.65354 22.83465 80.31496 4.724409 22.83465 51.1811 4.724409 22.83465 51.1811 19.68504 22.83465 51.1811 20.47244 22.83465 51.1811 21.65354 22.83465 80.31496 21.65354 22.83465 80.31496 4.724409 22.83465 51.1811 4.724409 22.83465 51.1811 19.68504 0 51.1811 4.724409 22.83465 51.1811 4.724409 2.842171e-14 51.1811 21.65354 22.83465 51.1811 20.47244 22.83465 51.1811 21.65354 22.83465 51.1811 21.65354 22.83465 51.1811 20.47244 2.842171e-14 51.1811 21.65354 22.83465 51.1811 19.68504 0 51.1811 4.724409 22.83465 51.1811 4.724409 22.83465 80.31496 21.65354 2.842171e-14 51.1811 21.65354 2.842171e-14 80.31496 21.65354 22.83465 51.1811 21.65354 22.83465 51.1811 21.65354 22.83465 80.31496 21.65354 2.842171e-14 51.1811 21.65354 2.842171e-14 80.31496 21.65354 22.83465 80.31496 21.65354 0 80.31496 4.724409 22.83465 80.31496 4.724409 2.842171e-14 80.31496 21.65354 2.842171e-14 80.31496 21.65354 22.83465 80.31496 21.65354 0 80.31496 4.724409 22.83465 80.31496 4.724409 22.83465 51.1811 4.724409 0 80.31496 4.724409 0 51.1811 4.724409 22.83465 80.31496 4.724409 22.83465 80.31496 4.724409 22.83465 51.1811 4.724409 0 80.31496 4.724409 0 51.1811 4.724409</float_array>
                    <technique_common>
                        <accessor count="1233" source="#ID116" stride="3">
                            <param name="X" type="float" />
                            <param name="Y" type="float" />
                            <param name="Z" type="float" />
                        </accessor>
                    </technique_common>
                </source>
                <source id="ID113">
                    <float_array id="ID117" count="3699">0 0 -1 0 0 -1 0 0 -1 0 0 -1 0 0 -1 -0 -0 1 -0 -0 1 -0 -0 1 -0 -0 1 -0 -0 1 0 0 0 0 0 0 0 0 0 0 0 0 0 0 0 -1 -5.763167e-19 -1.21295e-15 -1 -5.763167e-19 -1.21295e-15 -1 -5.763167e-19 -1.21295e-15 -1 -5.763167e-19 -1.21295e-15 -1 -5.763167e-19 -1.21295e-15 -1 -5.763167e-19 -1.21295e-15 -1 -5.763167e-19 -1.21295e-15 -1 -5.763167e-19 -1.21295e-15 1 5.763167e-19 1.21295e-15 1 5.763167e-19 1.21295e-15 1 5.763167e-19 1.21295e-15 1 5.763167e-19 1.21295e-15 1 5.763167e-19 1.21295e-15 1 5.763167e-19 1.21295e-15 1 5.763167e-19 1.21295e-15 1 5.763167e-19 1.21295e-15 0 0 0 0 0 0 0 0 0 0 0 0 0 0 0 0 0 0 0 -1 0 0 -1 0 0 -1 0 0 -1 0 0 -1 0 0 -1 0 -0 1 -0 -0 1 -0 -0 1 -0 -0 1 -0 -0 1 -0 -0 1 -0 0 0 0 0 0 0 0 0 0 0 0 -1 0 0 -1 0 0 -1 -0 -0 1 -0 -0 1 -0 -0 1 0 0 0 0 0 0 0 0 0 -1 9.212645e-17 2.637709e-18 -1 9.212645e-17 2.637709e-18 -1 9.212645e-17 2.637709e-18 -1 9.212645e-17 2.637709e-18 -1 9.212645e-17 2.637709e-18 -1 9.212645e-17 2.637709e-18 -1 9.212645e-17 2.637709e-18 -1 9.212645e-17 2.637709e-18 -1 9.212645e-17 2.637709e-18 -1 9.212645e-17 2.637709e-18 -1 9.212645e-17 2.637709e-18 -1 9.212645e-17 2.637709e-18 -1 9.212645e-17 2.637709e-18 -1 9.212645e-17 2.637709e-18 -1 9.212645e-17 2.637709e-18 -1 9.212645e-17 2.637709e-18 -1 9.212645e-17 2.637709e-18 -1 9.212645e-17 2.637709e-18 -1 9.212645e-17 2.637709e-18 -1 9.212645e-17 2.637709e-18 -1 9.212645e-17 2.637709e-18 -1 9.212645e-17 2.637709e-18 -1 9.212645e-17 2.637709e-18 -1 9.212645e-17 2.637709e-18 -1 9.212645e-17 2.637709e-18 -1 9.212645e-17 2.637709e-18 -1 9.212645e-17 2.637709e-18 -1 9.212645e-17 2.637709e-18 -1 9.212645e-17 2.637709e-18 -1 9.212645e-17 2.637709e-18 -1 9.212645e-17 2.637709e-18 -1 9.212645e-17 2.637709e-18 -1 9.212645e-17 2.637709e-18 -1 9.212645e-17 2.637709e-18 -1 9.212645e-17 2.637709e-18 -1 9.212645e-17 2.637709e-18 -1 9.212645e-17 2.637709e-18 -1 9.212645e-17 2.637709e-18 -1 9.212645e-17 2.637709e-18 -1 9.212645e-17 2.637709e-18 -1 9.212645e-17 2.637709e-18 -1 9.212645e-17 2.637709e-18 -1 9.212645e-17 2.637709e-18 -1 9.212645e-17 2.637709e-18 -1 9.212645e-17 2.637709e-18 -1 9.212645e-17 2.637709e-18 -1 9.212645e-17 2.637709e-18 -1 9.212645e-17 2.637709e-18 -1 9.212645e-17 2.637709e-18 -1 9.212645e-17 2.637709e-18 -1 9.212645e-17 2.637709e-18 -1 9.212645e-17 2.637709e-18 -1 9.212645e-17 2.637709e-18 -1 9.212645e-17 2.637709e-18 -1 9.212645e-17 2.637709e-18 -1 9.212645e-17 2.637709e-18 -1 9.212645e-17 2.637709e-18 -1 9.212645e-17 2.637709e-18 -1 9.212645e-17 2.637709e-18 -1 9.212645e-17 2.637709e-18 -1 9.212645e-17 2.637709e-18 -1 9.212645e-17 2.637709e-18 -1 9.212645e-17 2.637709e-18 -1 9.212645e-17 2.637709e-18 -1 9.212645e-17 2.637709e-18 -1 9.212645e-17 2.637709e-18 -1 9.212645e-17 2.637709e-18 -1 9.212645e-17 2.637709e-18 -1 9.212645e-17 2.637709e-18 -1 9.212645e-17 2.637709e-18 -1 9.212645e-17 2.637709e-18 -1 9.212645e-17 2.637709e-18 1 -9.212645e-17 -2.637709e-18 1 -9.212645e-17 -2.637709e-18 1 -9.212645e-17 -2.637709e-18 1 -9.212645e-17 -2.637709e-18 1 -9.212645e-17 -2.637709e-18 1 -9.212645e-17 -2.637709e-18 1 -9.212645e-17 -2.637709e-18 1 -9.212645e-17 -2.637709e-18 1 -9.212645e-17 -2.637709e-18 1 -9.212645e-17 -2.637709e-18 1 -9.212645e-17 -2.637709e-18 1 -9.212645e-17 -2.637709e-18 1 -9.212645e-17 -2.637709e-18 1 -9.212645e-17 -2.637709e-18 1 -9.212645e-17 -2.637709e-18 1 -9.212645e-17 -2.637709e-18 1 -9.212645e-17 -2.637709e-18 1 -9.212645e-17 -2.637709e-18 1 -9.212645e-17 -2.637709e-18 1 -9.212645e-17 -2.637709e-18 1 -9.212645e-17 -2.637709e-18 1 -9.212645e-17 -2.637709e-18 1 -9.212645e-17 -2.637709e-18 1 -9.212645e-17 -2.637709e-18 1 -9.212645e-17 -2.637709e-18 1 -9.212645e-17 -2.637709e-18 1 -9.212645e-17 -2.637709e-18 1 -9.212645e-17 -2.637709e-18 1 -9.212645e-17 -2.637709e-18 1 -9.212645e-17 -2.637709e-18 1 -9.212645e-17 -2.637709e-18 1 -9.212645e-17 -2.637709e-18 1 -9.212645e-17 -2.637709e-18 1 -9.212645e-17 -2.637709e-18 1 -9.212645e-17 -2.637709e-18 1 -9.212645e-17 -2.637709e-18 1 -9.212645e-17 -2.637709e-18 1 -9.212645e-17 -2.637709e-18 1 -9.212645e-17 -2.637709e-18 1 -9.212645e-17 -2.637709e-18 1 -9.212645e-17 -2.637709e-18 1 -9.212645e-17 -2.637709e-18 1 -9.212645e-17 -2.637709e-18 1 -9.212645e-17 -2.637709e-18 1 -9.212645e-17 -2.637709e-18 1 -9.212645e-17 -2.637709e-18 1 -9.212645e-17 -2.637709e-18 1 -9.212645e-17 -2.637709e-18 1 -9.212645e-17 -2.637709e-18 1 -9.212645e-17 -2.637709e-18 1 -9.212645e-17 -2.637709e-18 1 -9.212645e-17 -2.637709e-18 1 -9.212645e-17 -2.637709e-18 1 -9.212645e-17 -2.637709e-18 1 -9.212645e-17 -2.637709e-18 1 -9.212645e-17 -2.637709e-18 1 -9.212645e-17 -2.637709e-18 1 -9.212645e-17 -2.637709e-18 1 -9.212645e-17 -2.637709e-18 1 -9.212645e-17 -2.637709e-18 1 -9.212645e-17 -2.637709e-18 1 -9.212645e-17 -2.637709e-18 1 -9.212645e-17 -2.637709e-18 1 -9.212645e-17 -2.637709e-18 1 -9.212645e-17 -2.637709e-18 1 -9.212645e-17 -2.637709e-18 1 -9.212645e-17 -2.637709e-18 1 -9.212645e-17 -2.637709e-18 1 -9.212645e-17 -2.637709e-18 1 -9.212645e-17 -2.637709e-18 1 -9.212645e-17 -2.637709e-18 1 -9.212645e-17 -2.637709e-18 0 0 0 0 0 0 0 0 0 0 0 0 0 0 0 0 0 0 0 0 0 0 0 0 0 0 0 0 0 0 0 0 0 0 0 0 0 0 0 0 0 0 0 0 0 0 0 0 0 0 0 0 0 0 0 0 0 0 0 0 0 0 0 0 0 0 0 0 0 0 0 0 0 0 0 0 0 0 0 0 0 0 0 0 0 0 0 0 0 0 0 0 0 0 0 0 0 0 0 0 0 0 0 0 0 0 0 0 0 0 0 0 0 0 0 0 0 0 0 0 0 0 0 0 0 0 0 0 0 0 0 0 0 0 0 0 0 0 0 0 0 0 0 0 0 0 0 0 0 0 0 0 0 0 0 0 0 0 0 0 0 0 0 0 0 0 0 0 0 0 0 0 0 0 0 0 0 0 0 0 0 0 0 0 0 0 0 0 0 0 0 0 0 0 0 0 0 0 0 0 0 0 0 0 0 1 0 0 1 0 0 1 0 0 1 0 0 1 0 0 1 0 0 1 0 -0 -1 -0 -0 -1 -0 -0 -1 -0 -0 -1 -0 -0 -1 -0 -0 -1 -0 -0 -1 -0 0 0 0 0 0 0 0 0 0 0 0 0 -8.021314e-16 -0.009547305 0.9999544 -8.021314e-16 -0.009547305 0.9999544 -8.021314e-16 -0.009547305 0.9999544 -8.021314e-16 -0.009547305 0.9999544 8.021314e-16 0.009547305 -0.9999544 8.021314e-16 0.009547305 -0.9999544 8.021314e-16 0.009547305 -0.9999544 8.021314e-16 0.009547305 -0.9999544 0 0 0 0 0 0 0 1 0 0 1 0 -0 -1 -0 -0 -1 -0 1 -1.416754e-16 8.008153e-16 1 -1.416754e-16 8.008153e-16 1 -1.416754e-16 8.008153e-16 1 -1.416754e-16 8.008153e-16 -1 1.416754e-16 -8.008153e-16 -1 1.416754e-16 -8.008153e-16 -1 1.416754e-16 -8.008153e-16 -1 1.416754e-16 -8.008153e-16 0 0 0 -1 1.428779e-14 1.141234e-15 -1 1.428779e-14 1.141234e-15 -1 1.428779e-14 1.141234e-15 -1 1.428779e-14 1.141234e-15 -1 1.428779e-14 1.141234e-15 -1 1.428779e-14 1.141234e-15 1 -1.428779e-14 -1.141234e-15 1 -1.428779e-14 -1.141234e-15 1 -1.428779e-14 -1.141234e-15 1 -1.428779e-14 -1.141234e-15 1 -1.428779e-14 -1.141234e-15 1 -1.428779e-14 -1.141234e-15 0 0 0 0 0 0 0 0 0 0 0 0 -1 5.071668e-16 -1.55037e-14 -1 5.071668e-16 -1.55037e-14 -1 5.071668e-16 -1.55037e-14 -1 5.071668e-16 -1.55037e-14 -1 5.071668e-16 -1.55037e-14 1 -5.071668e-16 1.55037e-14 1 -5.071668e-16 1.55037e-14 1 -5.071668e-16 1.55037e-14 1 -5.071668e-16 1.55037e-14 1 -5.071668e-16 1.55037e-14 0 0 0 0 0 0 0 0 0 -1 0 0 -1 0 0 -1 0 0 -1 0 0 -1 0 0 1 -0 -0 1 -0 -0 1 -0 -0 1 -0 -0 1 -0 -0 -0 -1 -0 -0 -1 -0 -0 -1 -0 -0 -1 -0 0 1 0 0 1 0 0 1 0 0 1 0 0 0 -1 0 0 -1 0 0 -1 0 0 -1 -0 -0 1 -0 -0 1 -0 -0 1 -0 -0 1 -1 0 0 -1 0 0 1 -0 -0 1 -0 -0 -1 -3.269244e-15 3.710586e-16 -1 -3.269244e-15 3.710586e-16 -1 -3.269244e-15 3.710586e-16 -1 -3.269244e-15 3.710586e-16 -1 -3.269244e-15 3.710586e-16 -1 -3.269244e-15 3.710586e-16 -1 -3.269244e-15 3.710586e-16 -1 -3.269244e-15 3.710586e-16 -1 -3.269244e-15 3.710586e-16 -1 -3.269244e-15 3.710586e-16 -1 -3.269244e-15 3.710586e-16 -1 -3.269244e-15 3.710586e-16 1 3.269244e-15 -3.710586e-16 1 3.269244e-15 -3.710586e-16 1 3.269244e-15 -3.710586e-16 1 3.269244e-15 -3.710586e-16 1 3.269244e-15 -3.710586e-16 1 3.269244e-15 -3.710586e-16 1 3.269244e-15 -3.710586e-16 1 3.269244e-15 -3.710586e-16 1 3.269244e-15 -3.710586e-16 1 3.269244e-15 -3.710586e-16 1 3.269244e-15 -3.710586e-16 1 3.269244e-15 -3.710586e-16 0 0 0 0 0 0 0 0 0 0 0 0 0 0 0 0 1 0 0 1 0 0 1 0 0 1 0 -0 -1 -0 -0 -1 -0 -0 -1 -0 -0 -1 -0 1.593441e-16 -7.582222e-17 -1 1.593441e-16 -7.582222e-17 -1 1.593441e-16 -7.582222e-17 -1 1.593441e-16 -7.582222e-17 -1 1.593441e-16 -7.582222e-17 -1 -1.593441e-16 7.582222e-17 1 -1.593441e-16 7.582222e-17 1 -1.593441e-16 7.582222e-17 1 -1.593441e-16 7.582222e-17 1 -1.593441e-16 7.582222e-17 1 -1 0 0 -1 0 0 1 -0 -0 1 -0 -0 0 1 0 0 1 0 0 1 0 0 1 0 0 1 0 -0 -1 -0 -0 -1 -0 -0 -1 -0 -0 -1 -0 -0 -1 -0 0 0 0 0 0 -1 0 0 -1 -0 -0 1 -0 -0 1 0 0 0 0 0 -1 -0 -0 1 0 -1 0 0 -1 0 0 -1 0 0 -1 0 -0 1 -0 -0 1 -0 -0 1 -0 -0 1 -0 0 0 0 0 0 0 0 -1 0 0 -1 0 0 -1 0 -0 1 -0 -0 1 -0 -0 1 -0 0 0 0 0 0 0 0 0 -1 0 0 -1 0 0 -1 0 0 -1 -0 -0 1 -0 -0 1 -0 -0 1 -0 -0 1 0 0 0 0 0 -1 0 0 -1 -0 -0 1 -0 -0 1 0 0 0 0 1 0 0 1 0 0 1 0 0 1 0 0 1 0 0 1 0 0 1 0 -0 -1 -0 -0 -1 -0 -0 -1 -0 -0 -1 -0 -0 -1 -0 -0 -1 -0 -0 -1 -0 0 0 0 0 0 0 0 0 0 0 0 0 -7.260054e-15 4.30296e-17 -1 -7.260054e-15 4.30296e-17 -1 -7.260054e-15 4.30296e-17 -1 -7.260054e-15 4.30296e-17 -1 -7.260054e-15 4.30296e-17 -1 -7.260054e-15 4.30296e-17 -1 -7.260054e-15 4.30296e-17 -1 -7.260054e-15 4.30296e-17 -1 7.260054e-15 -4.30296e-17 1 7.260054e-15 -4.30296e-17 1 7.260054e-15 -4.30296e-17 1 7.260054e-15 -4.30296e-17 1 7.260054e-15 -4.30296e-17 1 7.260054e-15 -4.30296e-17 1 7.260054e-15 -4.30296e-17 1 7.260054e-15 -4.30296e-17 1 0 0 0 0 0 0 0 0 0 0 0 0 0 0 0 0 1 0 0 1 0 0 1 0 0 1 0 0 1 0 -0 -1 -0 -0 -1 -0 -0 -1 -0 -0 -1 -0 -0 -1 -0 0 0 0 0 0 0 -1.313318e-15 -4.49965e-16 1 -1.313318e-15 -4.49965e-16 1 -1.313318e-15 -4.49965e-16 1 -1.313318e-15 -4.49965e-16 1 -1.313318e-15 -4.49965e-16 1 -1.313318e-15 -4.49965e-16 1 -1.313318e-15 -4.49965e-16 1 -1.313318e-15 -4.49965e-16 1 1.313318e-15 4.49965e-16 -1 1.313318e-15 4.49965e-16 -1 1.313318e-15 4.49965e-16 -1 1.313318e-15 4.49965e-16 -1 1.313318e-15 4.49965e-16 -1 1.313318e-15 4.49965e-16 -1 1.313318e-15 4.49965e-16 -1 1.313318e-15 4.49965e-16 -1 0 0 0 0 0 0 0 0 0 0 1 0 0 1 0 0 1 0 0 1 0 0 1 0 0 1 0 -0 -1 -0 -0 -1 -0 -0 -1 -0 -0 -1 -0 -0 -1 -0 -0 -1 -0 0 0 0 -7.879855e-16 -2.339441e-14 -1 -7.879855e-16 -2.339441e-14 -1 -7.879855e-16 -2.339441e-14 -1 -7.879855e-16 -2.339441e-14 -1 -7.879855e-16 -2.339441e-14 -1 7.879855e-16 2.339441e-14 1 7.879855e-16 2.339441e-14 1 7.879855e-16 2.339441e-14 1 7.879855e-16 2.339441e-14 1 7.879855e-16 2.339441e-14 1 0 -1 0 0 -1 0 0 -1 0 0 -1 0 0 -1 0 -0 1 -0 -0 1 -0 -0 1 -0 -0 1 -0 -0 1 -0 0 0 0 -1 0 0 -1 0 0 -1 0 0 -1 0 0 1 -0 -0 1 -0 -0 1 -0 -0 1 -0 -0 0 0 1 0 0 1 0 0 1 0 0 1 -0 -0 -1 -0 -0 -1 -0 -0 -1 -0 -0 -1 0 1 0 0 1 0 0 1 0 -0 -1 -0 -0 -1 -0 -0 -1 -0 0 0 0 0 1 0 0 1 0 0 1 0 -0 -1 -0 -0 -1 -0 -0 -1 -0 0 0 0 0 0 0 0 0 -1 0 0 -1 0 0 -1 0 0 -1 -0 -0 1 -0 -0 1 -0 -0 1 -0 -0 1 0 0 0 0 -1 0 0 -1 0 0 -1 0 0 -1 0 -0 1 -0 -0 1 -0 -0 1 -0 -0 1 -0 0 0 0 2.800518e-15 -2.578255e-15 1 2.800518e-15 -2.578255e-15 1 2.800518e-15 -2.578255e-15 1 2.800518e-15 -2.578255e-15 1 -2.800518e-15 2.578255e-15 -1 -2.800518e-15 2.578255e-15 -1 -2.800518e-15 2.578255e-15 -1 -2.800518e-15 2.578255e-15 -1 0 0 -1 0 0 -1 0 0 -1 0 0 -1 -0 -0 1 -0 -0 1 -0 -0 1 -0 -0 1 0 1 0 0 1 0 0 1 0 0 1 0 -0 -1 -0 -0 -1 -0 -0 -1 -0 -0 -1 -0 2.170028e-15 -4.734193e-16 1 2.170028e-15 -4.734193e-16 1 2.170028e-15 -4.734193e-16 1 2.170028e-15 -4.734193e-16 1 2.170028e-15 -4.734193e-16 1 -2.170028e-15 4.734193e-16 -1 -2.170028e-15 4.734193e-16 -1 -2.170028e-15 4.734193e-16 -1 -2.170028e-15 4.734193e-16 -1 -2.170028e-15 4.734193e-16 -1 0 0 0 0 0 0 -1 1.280658e-16 -2.773216e-16 -1 1.280658e-16 -2.773216e-16 -1 1.280658e-16 -2.773216e-16 -1 1.280658e-16 -2.773216e-16 -1 1.280658e-16 -2.773216e-16 -1 1.280658e-16 -2.773216e-16 -1 1.280658e-16 -2.773216e-16 -1 1.280658e-16 -2.773216e-16 -1 1.280658e-16 -2.773216e-16 -1 1.280658e-16 -2.773216e-16 -1 1.280658e-16 -2.773216e-16 -1 1.280658e-16 -2.773216e-16 -1 1.280658e-16 -2.773216e-16 -1 1.280658e-16 -2.773216e-16 -1 1.280658e-16 -2.773216e-16 -1 1.280658e-16 -2.773216e-16 1 -1.280658e-16 2.773216e-16 1 -1.280658e-16 2.773216e-16 1 -1.280658e-16 2.773216e-16 1 -1.280658e-16 2.773216e-16 1 -1.280658e-16 2.773216e-16 1 -1.280658e-16 2.773216e-16 1 -1.280658e-16 2.773216e-16 1 -1.280658e-16 2.773216e-16 1 -1.280658e-16 2.773216e-16 1 -1.280658e-16 2.773216e-16 1 -1.280658e-16 2.773216e-16 1 -1.280658e-16 2.773216e-16 1 -1.280658e-16 2.773216e-16 1 -1.280658e-16 2.773216e-16 1 -1.280658e-16 2.773216e-16 1 -1.280658e-16 2.773216e-16 0 0 0 0 0 0 0 0 0 0 0 0 0 0 0 0 0 0 0 0 0 0 0 0 0 0 0 0 0 0 0 0 0 0 0 0 0 0 0 0 0 -1 0 0 -1 0 0 -1 0 0 -1 -0 -0 1 -0 -0 1 -0 -0 1 -0 -0 1 0 0 0 -1 0 0 -1 0 0 -1 0 0 -1 0 0 -1 0 0 -1 0 0 1 -0 -0 1 -0 -0 1 -0 -0 1 -0 -0 1 -0 -0 1 -0 -0 0 0 0 0 1 0 -0 -1 -0 0 1 0 -0 -1 -0 0 1 0 0 1 0 0 1 0 0 1 0 0 1 0 -0 -1 -0 -0 -1 -0 -0 -1 -0 -0 -1 -0 -0 -1 -0 0 0 -1 0 0 -1 -0 -0 1 -0 -0 1 1 0 0 1 0 0 1 0 0 1 0 0 1 0 0 1 0 0 -1 -0 -0 -1 -0 -0 -1 -0 -0 -1 -0 -0 -1 -0 -0 -1 -0 -0 0 0 0 0 0 0 1 -1.308504e-14 1.254495e-14 1 -1.308504e-14 1.254495e-14 1 -1.308504e-14 1.254495e-14 1 -1.308504e-14 1.254495e-14 1 -1.308504e-14 1.254495e-14 1 -1.308504e-14 1.254495e-14 1 -1.308504e-14 1.254495e-14 1 -1.308504e-14 1.254495e-14 1 -1.308504e-14 1.254495e-14 -1 1.308504e-14 -1.254495e-14 -1 1.308504e-14 -1.254495e-14 -1 1.308504e-14 -1.254495e-14 -1 1.308504e-14 -1.254495e-14 -1 1.308504e-14 -1.254495e-14 -1 1.308504e-14 -1.254495e-14 -1 1.308504e-14 -1.254495e-14 -1 1.308504e-14 -1.254495e-14 -1 1.308504e-14 -1.254495e-14 0 0 0 0 0 0 0 0 0 0 0 0 -1 6.558756e-16 -1.041914e-15 -1 6.558756e-16 -1.041914e-15 -1 6.558756e-16 -1.041914e-15 -1 6.558756e-16 -1.041914e-15 -1 6.558756e-16 -1.041914e-15 1 -6.558756e-16 1.041914e-15 1 -6.558756e-16 1.041914e-15 1 -6.558756e-16 1.041914e-15 1 -6.558756e-16 1.041914e-15 1 -6.558756e-16 1.041914e-15 0 0 1 0 0 1 0 0 1 0 0 1 0 0 1 -0 -0 -1 -0 -0 -1 -0 -0 -1 -0 -0 -1 -0 -0 -1 0 1 0 0 1 0 0 1 0 0 1 0 -0 -1 -0 -0 -1 -0 -0 -1 -0 -0 -1 -0 0 1 0 0 1 0 -0 -1 -0 -0 -1 -0 0 0 0 1 1.846488e-16 -7.522116e-16 1 1.846488e-16 -7.522116e-16 1 1.846488e-16 -7.522116e-16 1 1.846488e-16 -7.522116e-16 1 1.846488e-16 -7.522116e-16 1 1.846488e-16 -7.522116e-16 1 1.846488e-16 -7.522116e-16 1 1.846488e-16 -7.522116e-16 -1 -1.846488e-16 7.522116e-16 -1 -1.846488e-16 7.522116e-16 -1 -1.846488e-16 7.522116e-16 -1 -1.846488e-16 7.522116e-16 -1 -1.846488e-16 7.522116e-16 -1 -1.846488e-16 7.522116e-16 -1 -1.846488e-16 7.522116e-16 -1 -1.846488e-16 7.522116e-16 0 0 0 0 0 0 -1 0 0 -1 0 0 1 -0 -0 1 -0 -0 1 0 0 1 0 0 1 0 0 1 0 0 -1 -0 -0 -1 -0 -0 -1 -0 -0 -1 -0 -0 -1 -0 -0 -1 -0 -0 -1 -0 -0 -1 -0 -0 1 0 0 1 0 0 1 0 0 1 0 0 1 0 0 1 0 0 -1 -0 -0 -1 -0 -0 0 1 0 0 1 0 0 1 0 0 1 0 0 1 0 0 1 0 -0 -1 -0 -0 -1 -0 -0 -1 -0 -0 -1 -0 -0 -1 -0 -0 -1 -0 1 -2.834576e-17 -9.825177e-16 1 -2.834576e-17 -9.825177e-16 1 -2.834576e-17 -9.825177e-16 1 -2.834576e-17 -9.825177e-16 1 -2.834576e-17 -9.825177e-16 1 -2.834576e-17 -9.825177e-16 1 -2.834576e-17 -9.825177e-16 -1 2.834576e-17 9.825177e-16 -1 2.834576e-17 9.825177e-16 -1 2.834576e-17 9.825177e-16 -1 2.834576e-17 9.825177e-16 -1 2.834576e-17 9.825177e-16 -1 2.834576e-17 9.825177e-16 -1 2.834576e-17 9.825177e-16 1 0 0 1 0 0 1 0 0 1 0 0 -1 -0 -0 -1 -0 -0 -1 -0 -0 -1 -0 -0 1 0 0 1 0 0 1 0 0 1 0 0 1 0 0 1 0 0 1 0 0 1 0 0 1 0 0 -1 -0 -0 -1 -0 -0 -1 -0 -0 -1 -0 -0 -1 -0 -0 -1 -0 -0 -1 -0 -0 -1 -0 -0 -1 -0 -0 -3.32521e-15 -7.609433e-16 -1 -3.32521e-15 -7.609433e-16 -1 -3.32521e-15 -7.609433e-16 -1 -3.32521e-15 -7.609433e-16 -1 3.32521e-15 7.609433e-16 1 3.32521e-15 7.609433e-16 1 3.32521e-15 7.609433e-16 1 3.32521e-15 7.609433e-16 1 0 0 0 0 0 0 3.407459e-16 -8.345952e-17 -1 3.407459e-16 -8.345952e-17 -1 3.407459e-16 -8.345952e-17 -1 3.407459e-16 -8.345952e-17 -1 -3.407459e-16 8.345952e-17 1 -3.407459e-16 8.345952e-17 1 -3.407459e-16 8.345952e-17 1 -3.407459e-16 8.345952e-17 1 0 0 0 0 0 0 -1 0 0 1 -0 -0 -1 8.043067e-15 -1.650299e-14 -1 8.043067e-15 -1.650299e-14 -1 8.043067e-15 -1.650299e-14 -1 8.043067e-15 -1.650299e-14 -1 8.043067e-15 -1.650299e-14 1 -8.043067e-15 1.650299e-14 1 -8.043067e-15 1.650299e-14 1 -8.043067e-15 1.650299e-14 1 -8.043067e-15 1.650299e-14 1 -8.043067e-15 1.650299e-14 -1 0 0 -1 0 0 -1 0 0 -1 0 0 -1 0 0 -1 0 0 1 -0 -0 1 -0 -0 1 -0 -0 1 -0 -0 1 -0 -0 1 -0 -0 0 0 0 0 0 0 0 0 0 0 0 1 0 0 1 0 0 1 0 0 1 -0 -0 -1 -0 -0 -1 -0 -0 -1 -0 -0 -1 -1.579181e-14 7.878002e-16 -1 -1.579181e-14 7.878002e-16 -1 -1.579181e-14 7.878002e-16 -1 -1.579181e-14 7.878002e-16 -1 1.579181e-14 -7.878002e-16 1 1.579181e-14 -7.878002e-16 1 1.579181e-14 -7.878002e-16 1 1.579181e-14 -7.878002e-16 1 -6.76792e-15 -1.579181e-14 -1 -6.76792e-15 -1.579181e-14 -1 -6.76792e-15 -1.579181e-14 -1 -6.76792e-15 -1.579181e-14 -1 6.76792e-15 1.579181e-14 1 6.76792e-15 1.579181e-14 1 6.76792e-15 1.579181e-14 1 6.76792e-15 1.579181e-14 1 5.414336e-14 -1 -9.023893e-14 5.414336e-14 -1 -9.023893e-14 5.414336e-14 -1 -9.023893e-14 5.414336e-14 -1 -9.023893e-14 -5.414336e-14 1 9.023893e-14 -5.414336e-14 1 9.023893e-14 -5.414336e-14 1 9.023893e-14 -5.414336e-14 1 9.023893e-14 7.219114e-14 -1 1.776725e-15 7.219114e-14 -1 1.776725e-15 7.219114e-14 -1 1.776725e-15 7.219114e-14 -1 1.776725e-15 -7.219114e-14 1 -1.776725e-15 -7.219114e-14 1 -1.776725e-15 -7.219114e-14 1 -1.776725e-15 -7.219114e-14 1 -1.776725e-15 0 0 0 0 -1 0 0 -1 0 0 -1 0 0 -1 0 -0 1 -0 -0 1 -0 -0 1 -0 -0 1 -0 0 0 0 0 0 0 1 -6.875347e-15 -3.955203e-30 1 -6.875347e-15 -3.955203e-30 1 -6.875347e-15 -3.955203e-30 1 -6.875347e-15 -3.955203e-30 -1 6.875347e-15 3.955203e-30 -1 6.875347e-15 3.955203e-30 -1 6.875347e-15 3.955203e-30 -1 6.875347e-15 3.955203e-30 0 0 0 1 0 0 1 0 0 1 0 0 1 0 0 -1 -0 -0 -1 -0 -0 -1 -0 -0 -1 -0 -0 0 0 0 0 0 0 7.779218e-17 -2.148546e-16 1 7.779218e-17 -2.148546e-16 1 7.779218e-17 -2.148546e-16 1 7.779218e-17 -2.148546e-16 1 -7.779218e-17 2.148546e-16 -1 -7.779218e-17 2.148546e-16 -1 -7.779218e-17 2.148546e-16 -1 -7.779218e-17 2.148546e-16 -1 1 7.146833e-31 -3.437673e-15 1 7.146833e-31 -3.437673e-15 1 7.146833e-31 -3.437673e-15 1 7.146833e-31 -3.437673e-15 -1 -7.146833e-31 3.437673e-15 -1 -7.146833e-31 3.437673e-15 -1 -7.146833e-31 3.437673e-15 -1 -7.146833e-31 3.437673e-15 0 0 0 0 0 0 -4.826704e-15 -1 -1.286449e-14 -4.826704e-15 -1 -1.286449e-14 -4.826704e-15 -1 -1.286449e-14 -4.826704e-15 -1 -1.286449e-14 -4.826704e-15 -1 -1.286449e-14 -4.826704e-15 -1 -1.286449e-14 4.826704e-15 1 1.286449e-14 4.826704e-15 1 1.286449e-14 4.826704e-15 1 1.286449e-14 4.826704e-15 1 1.286449e-14 4.826704e-15 1 1.286449e-14 4.826704e-15 1 1.286449e-14 0 0 0 -1 -5.319305e-15 8.357181e-15 -1 -5.319305e-15 8.357181e-15 -1 -5.319305e-15 8.357181e-15 -1 -5.319305e-15 8.357181e-15 -1 -5.319305e-15 8.357181e-15 -1 -5.319305e-15 8.357181e-15 1 5.319305e-15 -8.357181e-15 1 5.319305e-15 -8.357181e-15 1 5.319305e-15 -8.357181e-15 1 5.319305e-15 -8.357181e-15 1 5.319305e-15 -8.357181e-15 1 5.319305e-15 -8.357181e-15 0 0 0 0 0 0 0 -1 0 0 -1 0 0 -1 0 -0 1 -0 -0 1 -0 -0 1 -0 0 0 0 4.362786e-15 -2.678232e-17 1 4.362786e-15 -2.678232e-17 1 4.362786e-15 -2.678232e-17 1 4.362786e-15 -2.678232e-17 1 4.362786e-15 -2.678232e-17 1 -4.362786e-15 2.678232e-17 -1 -4.362786e-15 2.678232e-17 -1 -4.362786e-15 2.678232e-17 -1 -4.362786e-15 2.678232e-17 -1 -4.362786e-15 2.678232e-17 -1 1 -4.583565e-15 -3.202373e-31 1 -4.583565e-15 -3.202373e-31 1 -4.583565e-15 -3.202373e-31 1 -4.583565e-15 -3.202373e-31 -1 4.583565e-15 3.202373e-31 -1 4.583565e-15 3.202373e-31 -1 4.583565e-15 3.202373e-31 -1 4.583565e-15 3.202373e-31 0 0 0 0 -1 0 0 -1 0 0 -1 0 0 -1 0 -0 1 -0 -0 1 -0 -0 1 -0 -0 1 -0 0 -1 0 0 -1 0 0 -1 0 0 -1 0 -0 1 -0 -0 1 -0 -0 1 -0 -0 1 -0 3.889609e-16 -5.013274e-16 1 3.889609e-16 -5.013274e-16 1 3.889609e-16 -5.013274e-16 1 3.889609e-16 -5.013274e-16 1 -3.889609e-16 5.013274e-16 -1 -3.889609e-16 5.013274e-16 -1 -3.889609e-16 5.013274e-16 -1 -3.889609e-16 5.013274e-16 -1 1 -1.145891e-15 3.609557e-14 1 -1.145891e-15 3.609557e-14 1 -1.145891e-15 3.609557e-14 1 -1.145891e-15 3.609557e-14 -1 1.145891e-15 -3.609557e-14 -1 1.145891e-15 -3.609557e-14 -1 1.145891e-15 -3.609557e-14 -1 1.145891e-15 -3.609557e-14 7.563079e-16 -1.625927e-16 -1 7.563079e-16 -1.625927e-16 -1 7.563079e-16 -1.625927e-16 -1 7.563079e-16 -1.625927e-16 -1 -7.563079e-16 1.625927e-16 1 -7.563079e-16 1.625927e-16 1 -7.563079e-16 1.625927e-16 1 -7.563079e-16 1.625927e-16 1 0 0 1 0 0 1 0 0 1 0 0 1 -0 -0 -1 -0 -0 -1 -0 -0 -1 -0 -0 -1 -6.223374e-16 -1 -8.803798e-16 -6.223374e-16 -1 -8.803798e-16 -6.223374e-16 -1 -8.803798e-16 -6.223374e-16 -1 -8.803798e-16 6.223374e-16 1 8.803798e-16 6.223374e-16 1 8.803798e-16 6.223374e-16 1 8.803798e-16 6.223374e-16 1 8.803798e-16 0 0 -1 0 0 -1 0 0 -1 0 0 -1 -0 -0 1 -0 -0 1 -0 -0 1 -0 -0 1 0 -1 0 0 -1 0 0 -1 0 0 -1 0 -0 1 -0 -0 1 -0 -0 1 -0 -0 1 -0 1 3.609557e-14 3.609557e-14 1 3.609557e-14 3.609557e-14 1 3.609557e-14 3.609557e-14 1 3.609557e-14 3.609557e-14 -1 -3.609557e-14 -3.609557e-14 -1 -3.609557e-14 -3.609557e-14 -1 -3.609557e-14 -3.609557e-14 -1 -3.609557e-14 -3.609557e-14 0 0 0 0 0 0 -1 -2.550306e-15 5.245549e-15 -1 -2.550306e-15 5.245549e-15 -1 -2.550306e-15 5.245549e-15 -1 -2.550306e-15 5.245549e-15 -1 -2.550306e-15 5.245549e-15 -1 -2.550306e-15 5.245549e-15 1 2.550306e-15 -5.245549e-15 1 2.550306e-15 -5.245549e-15 1 2.550306e-15 -5.245549e-15 1 2.550306e-15 -5.245549e-15 1 2.550306e-15 -5.245549e-15 1 2.550306e-15 -5.245549e-15 0 0 0 0 0 0 0 0 0 0 0 0 -5.251071e-15 -1 1.457694e-15 -5.251071e-15 -1 1.457694e-15 -5.251071e-15 -1 1.457694e-15 -5.251071e-15 -1 1.457694e-15 -5.251071e-15 -1 1.457694e-15 -5.251071e-15 -1 1.457694e-15 5.251071e-15 1 -1.457694e-15 5.251071e-15 1 -1.457694e-15 5.251071e-15 1 -1.457694e-15 5.251071e-15 1 -1.457694e-15 5.251071e-15 1 -1.457694e-15 5.251071e-15 1 -1.457694e-15 0 0 -1 0 0 -1 0 0 -1 0 0 -1 -0 -0 1 -0 -0 1 -0 -0 1 -0 -0 1 -6.223374e-16 -1 8.394319e-16 -6.223374e-16 -1 8.394319e-16 -6.223374e-16 -1 8.394319e-16 -6.223374e-16 -1 8.394319e-16 6.223374e-16 1 -8.394319e-16 6.223374e-16 1 -8.394319e-16 6.223374e-16 1 -8.394319e-16 6.223374e-16 1 -8.394319e-16 7.001296e-16 3.876575e-33 1 7.001296e-16 3.876575e-33 1 7.001296e-16 3.876575e-33 1 7.001296e-16 3.876575e-33 1 -7.001296e-16 -3.876575e-33 -1 -7.001296e-16 -3.876575e-33 -1 -7.001296e-16 -3.876575e-33 -1 -7.001296e-16 -3.876575e-33 -1</float_array>
                    <technique_common>
                        <accessor count="1233" source="#ID117" stride="3">
                            <param name="X" type="float" />
                            <param name="Y" type="float" />
                            <param name="Z" type="float" />
                        </accessor>
                    </technique_common>
                </source>
                <source id="ID114">
                    <Name_array id="ID118" count="0" />
                    <technique_common>
                        <accessor count="0" source="#ID118" stride="1">
                            <param name="skp_material" type="Name" />
                        </accessor>
                    </technique_common>
                </source>
                <vertices id="ID115">
                    <input semantic="POSITION" source="#ID112" />
                    <input semantic="NORMAL" source="#ID113" />
                </vertices>
                <triangles count="403" material="Material2">
                    <input offset="0" semantic="VERTEX" source="#ID115" />
                    <p>0 1 2 1 0 3 3 0 4 15 16 17 16 15 18 18 15 19 19 15 20 20 15 21 21 15 22 37 38 39 38 37 40 40 37 41 40 41 42 3 52 1 52 3 53 53 3 54 61 62 63 62 61 64 64 61 65 65 61 66 66 61 67 67 61 68 68 61 69 70 71 72 71 70 73 71 73 74 74 73 75 75 73 76 76 73 61 61 73 77 77 73 78 77 78 79 78 73 80 79 78 81 79 81 82 79 82 83 83 82 84 84 82 85 82 81 86 86 81 87 86 87 88 88 87 89 89 87 90 87 81 91 91 81 92 91 92 93 93 92 94 94 92 95 92 81 96 96 81 97 97 81 98 98 81 99 100 101 102 101 100 103 103 100 104 103 104 105 105 104 106 105 106 70 105 70 72 105 72 63 105 63 62 105 62 107 105 107 108 105 108 109 105 109 110 103 105 69 103 69 111 111 69 61 111 61 77 103 111 85 103 85 112 112 85 82 112 82 113 112 113 114 103 112 90 103 90 115 115 90 87 103 115 95 103 95 116 116 95 92 116 92 117 116 117 118 103 116 99 103 99 81 97 118 117 118 97 98 119 115 87 115 119 120 120 119 93 120 93 94 88 114 113 114 88 89 121 111 77 111 121 122 122 121 83 122 83 84 72 123 76 123 72 71 76 123 75 67 110 109 110 67 68 65 108 107 108 65 66 106 102 124 102 106 125 125 106 104 70 126 127 126 70 106 128 129 130 129 128 124 129 124 131 124 128 132 131 124 102 131 102 101 273 274 275 274 273 276 276 273 277 276 277 278 279 274 276 291 292 293 292 291 294 278 279 276 279 278 301 301 278 302 305 306 307 306 305 308 314 315 316 315 317 318 317 315 319 319 315 314 330 331 332 331 330 333 333 330 334 343 344 345 344 343 346 346 343 347 353 354 355 354 353 356 361 362 363 362 361 364 345 369 370 369 345 344 373 374 375 374 373 376 376 373 377 376 377 378 376 378 379 376 379 380 376 380 381 376 381 382 376 382 383 376 383 384 402 403 404 403 402 405 410 411 412 411 410 413 414 411 413 344 420 369 420 344 421 424 425 426 425 424 427 427 424 428 53 435 52 435 53 436 54 436 53 436 54 440 442 443 444 443 442 445 452 444 453 444 452 454 444 454 442 460 461 462 461 460 463 469 463 460 463 469 470 474 475 476 475 474 477 477 474 478 475 479 480 479 475 477 492 493 494 493 492 495 495 492 496 495 496 497 495 497 498 495 498 499 513 514 515 514 513 516 514 516 517 525 526 527 526 525 528 528 525 529 529 525 530 530 525 531 530 531 532 544 545 546 545 544 547 547 544 548 548 544 549 557 558 559 558 557 560 560 557 561 567 568 569 568 567 570 570 567 571 578 579 580 579 578 581 586 587 588 587 586 589 594 595 596 595 594 403 403 594 404 594 601 602 601 594 603 603 594 596 609 610 611 610 609 612 618 619 620 619 618 621 627 628 629 628 627 630 635 636 637 636 635 638 643 644 645 644 643 646 651 652 653 652 651 654 654 651 655 663 664 665 664 663 666 664 666 667 667 666 668 667 668 669 668 666 670 670 666 671 670 671 672 671 666 673 665 674 675 674 665 664 675 674 669 675 669 676 676 669 668 675 676 672 675 672 677 677 672 671 675 677 678 675 678 673 675 673 666 708 709 710 709 708 711 717 718 719 718 717 720 720 717 721 721 717 722 279 730 274 730 279 301 274 732 275 732 274 730 734 735 736 735 734 737 737 734 738 744 711 708 711 744 745 748 749 750 749 748 751 751 748 752 752 748 753 762 763 764 764 765 766 765 764 767 767 764 763 767 763 768 767 768 769 767 769 770 784 785 786 785 784 787 787 784 788 794 795 796 795 794 797 797 794 798 804 805 806 805 804 807 812 595 813 595 812 601 595 601 603 595 603 596 817 818 819 818 817 820 820 817 821 821 817 822 822 817 823 823 817 824 830 835 836 835 830 831 839 840 841 840 839 842 847 848 849 848 847 850 855 750 856 750 855 748 859 474 860 474 859 478 478 859 861 861 859 862 861 862 863 861 863 864 871 872 873 872 871 874 874 871 875 874 875 876 874 876 877 885 886 887 886 885 888 893 894 895 894 893 896 896 893 897 897 893 898 898 893 899 899 893 900 900 893 901 911 912 913 912 911 914 921 922 923 922 921 924 831 931 835 931 831 832 933 934 935 934 933 936 936 933 937 943 944 945 944 943 946 946 943 947 946 947 948 958 959 960 959 958 961 966 967 968 967 966 969 974 975 976 975 974 977 982 983 984 983 982 985 990 991 992 991 990 993 999 1000 1001 1000 999 1002 1009 1010 1011 1010 1009 1012 1018 1019 1020 1019 1018 1021 1028 1029 1030 1029 1028 1031 1036 1037 1038 1037 1036 1039 1046 1047 1048 1047 1046 1049 1049 1046 1050 1049 1050 1051 1059 1060 1061 1060 1059 1062 1062 1059 1063 1063 1059 1064 1073 1002 999 1002 1073 1074 1074 1073 1075 1080 1081 1082 1081 1080 1083 1083 1080 1084 1090 1091 1092 1091 1090 1093 1099 1100 1101 1100 1099 1102 1107 1108 1109 1108 1107 1110 1115 1116 1117 1116 1115 1118 1123 1124 1125 1124 1123 1126 1131 1132 1133 1132 1131 1134 1139 1140 1141 1140 1139 1142 1147 1148 1149 1148 1147 1150 1155 1156 1157 1156 1155 1158 1163 1164 1165 1164 1163 1166 1171 1172 1173 1172 1171 1174 1181 1182 1183 1182 1181 1184 1184 1181 1185 1185 1181 1186 1197 1198 1199 1198 1197 1200 1200 1197 1201 1200 1201 1202 1209 1210 1211 1210 1209 1212 1217 1218 1219 1218 1217 1220 1225 1226 1227 1226 1225 1228</p>
                </triangles>
                <triangles count="403" material="Material3">
                    <input offset="0" semantic="VERTEX" source="#ID115" />
                    <p>5 6 7 7 6 8 9 8 6 23 24 25 25 24 26 26 24 27 27 24 28 28 24 29 30 29 24 43 44 45 44 46 45 45 46 47 48 47 46 55 7 56 56 7 57 8 57 7 133 134 135 134 136 135 137 138 136 135 136 139 136 138 139 140 139 138 141 142 143 144 143 142 145 141 146 146 141 134 136 134 141 147 148 149 150 149 148 151 152 153 154 153 152 155 156 157 158 159 156 157 156 159 160 161 162 161 163 162 162 163 164 165 164 163 166 167 168 169 168 167 170 171 172 171 173 172 172 173 174 175 174 173 176 177 178 179 178 177 180 181 182 181 183 182 178 179 183 179 184 183 184 185 183 183 185 182 185 174 182 175 186 174 174 186 182 186 187 182 168 169 187 169 188 187 188 189 187 187 189 182 189 164 182 165 190 164 190 191 164 164 191 182 191 192 182 153 154 192 154 149 192 149 150 192 150 193 192 193 194 192 194 159 192 159 142 192 142 141 192 141 145 192 192 145 182 145 195 182 182 195 133 134 133 195 181 180 176 176 180 177 177 180 196 196 180 184 185 184 170 170 184 171 171 184 197 184 180 197 197 180 175 186 175 166 166 175 167 167 175 198 175 180 198 198 180 188 189 188 160 160 188 161 161 188 199 188 180 199 180 200 199 201 202 200 199 200 165 200 202 165 165 202 190 190 202 157 157 202 155 155 202 203 203 202 158 202 142 158 159 158 142 191 190 151 151 190 152 152 190 147 147 190 148 148 190 204 204 190 193 194 193 190 280 281 282 283 284 280 284 285 280 280 285 281 286 281 285 295 296 297 298 297 296 303 283 304 304 283 282 280 282 283 309 310 311 312 311 310 320 321 322 322 321 323 324 323 321 325 321 320 335 336 337 337 336 338 339 338 336 348 349 350 350 349 351 352 351 349 357 358 359 360 359 358 365 366 367 368 367 366 351 352 371 372 371 352 385 386 387 386 388 387 388 389 387 389 390 387 390 391 387 391 392 387 392 393 387 393 394 387 387 394 395 396 395 394 406 407 408 409 408 407 415 416 417 415 418 416 419 416 418 422 351 423 371 423 351 429 430 431 431 430 432 433 432 430 437 56 438 57 438 56 441 55 437 56 437 55 446 447 448 449 448 447 447 455 449 455 456 449 457 449 456 464 465 466 467 466 465 471 472 464 465 464 472 481 482 483 484 483 482 485 486 481 481 486 482 487 482 486 500 501 502 501 503 502 503 504 502 504 505 502 502 505 506 507 506 505 518 519 520 519 521 520 522 520 521 533 534 535 534 536 535 535 536 537 537 536 538 538 536 539 540 539 536 550 551 552 552 551 553 553 551 554 555 554 551 562 563 564 564 563 565 566 565 563 572 573 574 574 573 575 576 575 573 582 583 584 585 584 583 590 591 592 593 592 591 409 597 408 408 597 598 599 598 597 599 597 604 604 597 605 606 605 597 613 614 615 616 615 614 622 623 624 625 624 623 631 632 633 634 633 632 639 640 641 642 641 640 647 648 649 650 649 648 656 657 658 658 657 659 660 659 657 679 680 681 680 682 681 682 683 681 684 685 683 683 685 681 685 686 681 687 688 686 686 688 681 688 689 681 690 691 689 681 689 691 680 679 684 685 684 692 684 679 692 692 679 687 688 687 693 687 679 693 693 679 690 679 694 690 691 690 694 712 713 714 715 714 713 723 724 725 725 724 726 726 724 727 728 727 724 304 282 731 281 731 282 731 281 733 286 733 281 739 740 741 741 740 742 743 742 740 746 747 712 713 712 747 754 755 756 756 755 757 757 755 758 759 758 755 771 772 773 772 774 773 774 775 773 775 776 773 773 776 777 778 777 776 776 775 779 789 790 791 791 790 792 793 792 790 799 800 801 801 800 802 803 802 800 808 809 810 811 810 809 599 604 598 604 605 598 605 814 598 815 598 814 825 826 827 827 826 828 828 826 829 829 826 830 830 826 831 832 831 826 818 820 837 838 837 820 843 844 845 846 845 844 851 852 853 854 853 852 755 857 759 858 759 857 865 866 867 866 868 867 868 869 867 867 869 485 485 869 486 870 486 869 878 879 880 879 881 880 881 882 880 880 882 883 884 883 882 889 890 891 892 891 890 902 903 904 904 903 905 905 903 906 906 903 907 907 903 908 908 903 909 910 909 903 915 916 917 918 917 916 925 926 927 928 927 926 819 818 932 837 932 818 938 939 940 940 939 941 942 941 939 949 950 951 950 952 951 951 952 953 954 953 952 962 963 964 965 964 963 970 971 972 973 972 971 978 979 980 981 980 979 986 987 988 989 988 987 994 995 996 997 996 995 1003 1004 1005 1006 1005 1004 1013 1014 1015 1016 1015 1014 1022 1023 1024 1025 1024 1023 1032 1033 1034 1035 1034 1033 1040 1041 1042 1043 1042 1041 1052 1053 1054 1053 1055 1054 1054 1055 1056 1057 1056 1055 1065 1066 1067 1067 1066 1068 1068 1066 1069 1070 1069 1066 1076 1077 1078 1078 1077 1003 1004 1003 1077 1085 1086 1087 1087 1086 1088 1089 1088 1086 1094 1095 1096 1097 1096 1095 1103 1104 1105 1106 1105 1104 1111 1112 1113 1114 1113 1112 1119 1120 1121 1122 1121 1120 1127 1128 1129 1130 1129 1128 1135 1136 1137 1138 1137 1136 1143 1144 1145 1146 1145 1144 1151 1152 1153 1154 1153 1152 1159 1160 1161 1162 1161 1160 1167 1168 1169 1170 1169 1168 1175 1176 1177 1178 1177 1176 1187 1188 1189 1189 1188 1190 1190 1188 1191 1192 1191 1188 1203 1204 1205 1204 1206 1205 1205 1206 1207 1208 1207 1206 1213 1214 1215 1216 1215 1214 1221 1222 1223 1224 1223 1222 1229 1230 1231 1232 1231 1230</p>
                </triangles>
                <lines count="282" material="Material4">
                    <input offset="0" semantic="VERTEX" source="#ID115" />
                    <p>10 11 12 10 13 12 14 13 11 14 31 11 31 32 32 33 34 33 35 34 36 35 10 36 12 49 49 50 51 50 36 51 58 59 12 58 60 10 59 60 205 206 207 205 208 207 208 209 210 209 210 211 212 211 213 212 213 214 214 215 215 216 217 216 58 217 49 218 218 219 219 220 220 221 221 222 222 219 223 218 223 224 224 49 13 206 225 226 227 225 228 227 226 228 229 230 231 229 232 231 230 232 233 234 235 233 236 235 236 234 237 238 238 239 240 239 240 237 241 242 243 242 244 243 241 244 245 246 247 246 248 247 248 245 249 250 251 250 252 251 249 252 253 254 255 254 256 255 256 253 257 258 258 259 259 260 257 260 261 262 262 263 264 263 261 264 265 266 266 267 268 267 265 268 269 270 271 270 272 271 269 272 206 287 288 14 289 288 289 290 287 290 299 11 299 300 300 14 31 289 313 31 299 313 31 326 326 327 328 327 329 328 329 32 340 32 341 340 342 341 33 342 341 35 227 33 228 34 226 35 341 51 50 328 397 327 397 398 398 399 399 400 400 401 401 60 328 218 340 50 32 224 434 59 216 434 213 58 59 439 439 213 439 401 205 450 206 451 450 451 458 205 458 459 287 459 468 450 207 468 207 473 473 458 488 473 489 488 489 490 490 491 491 208 209 508 491 509 509 510 510 511 511 512 512 508 508 523 523 524 524 210 490 524 211 541 541 542 542 543 489 543 212 400 556 399 541 556 215 577 577 439 217 214 577 434 327 600 600 219 607 600 608 607 220 608 221 617 608 617 617 626 626 222 600 626 329 223 661 287 661 662 662 451 695 288 300 695 696 697 696 698 699 698 697 699 700 701 702 700 703 702 701 703 704 705 706 704 707 706 707 705 716 695 716 289 729 661 716 729 326 290 459 326 313 716 760 761 313 760 761 459 780 397 781 780 781 782 782 783 783 458 225 341 397 816 816 608 833 781 834 398 834 542 543 833 556 834 468 662 473 761 760 729 488 833 511 919 920 510 920 919 508 929 512 930 930 929 816 955 617 956 957 956 955 957 955 780 957 781 956 782 956 998 998 783 511 1007 919 1008 1007 1008 1017 920 1017 1008 930 1026 1027 929 1026 1027 239 955 816 240 1044 955 1045 816 1044 1045 1058 957 241 998 242 1058 1071 1058 1072 998 1071 1072 234 1007 1079 1008 1079 236 1017 233 1017 1098 1079 1098 238 1044 1045 237 1045 1079 1098 1044 244 1072 243 1071 235 1098 1044 1179 1098 1180 1179 1180 1179 1193 1194 1193 1195 1194 1195 1196 1196 1180 1193 270 271 1196 1194 269 272 1195</p>
                </lines>
            </mesh>
        </geometry>
        <geometry id="ID119">
            <mesh>
                <source id="ID120">
                    <float_array id="ID124" count="159">22.83465 24.76755 38.54708 0 0.8229962 38.54708 0 24.76755 38.54708 22.83465 0.8229962 38.54708 22.83465 0.8229962 38.54708 22.83465 24.76755 38.54708 0 0.8229962 38.54708 0 24.76755 38.54708 22.83465 0.8229962 38.54708 22.83465 24.76755 38.54708 0 0.8229962 38.54708 0 24.76755 38.54708 22.83465 0.8229962 4.724409 22.83465 0.8229962 38.54708 22.83465 0.8229962 29.95685 22.83465 24.76755 38.54708 22.83465 24.76755 4.724409 22.83465 24.76755 4.724409 22.83465 0.8229962 4.724409 22.83465 24.76755 38.54708 22.83465 0.8229962 38.54708 22.83465 0.8229962 29.95685 22.83465 0.8229962 4.724409 22.83465 0.8229962 29.95685 22.83465 24.76755 4.724409 0 0.8229962 4.724409 22.83465 0.8229962 29.95685 22.83465 0.8229962 4.724409 0 0.8229962 38.54708 22.83465 0.8229962 38.54708 22.83465 0.8229962 38.54708 0 0.8229962 38.54708 22.83465 0.8229962 29.95685 0 0.8229962 4.724409 22.83465 0.8229962 4.724409 0 0.8229962 4.724409 22.83465 24.76755 38.54708 0 24.76755 4.724409 22.83465 24.76755 4.724409 0 24.76755 38.54708 0 24.76755 38.54708 22.83465 24.76755 38.54708 0 24.76755 4.724409 22.83465 24.76755 4.724409 0 24.76755 4.724409 22.83465 0.8229962 4.724409 0 24.76755 4.724409 0 0.8229962 4.724409 22.83465 24.76755 4.724409 22.83465 24.76755 4.724409 22.83465 0.8229962 4.724409 0 24.76755 4.724409 0 0.8229962 4.724409</float_array>
                    <technique_common>
                        <accessor count="53" source="#ID124" stride="3">
                            <param name="X" type="float" />
                            <param name="Y" type="float" />
                            <param name="Z" type="float" />
                        </accessor>
                    </technique_common>
                </source>
                <source id="ID121">
                    <float_array id="ID125" count="159">0 0 -1 0 0 -1 0 0 -1 0 0 -1 -0 -0 1 -0 -0 1 -0 -0 1 -0 -0 1 0 0 0 0 0 0 0 0 0 0 0 0 1 0 0 1 0 0 1 0 0 1 0 0 1 0 0 -1 -0 -0 -1 -0 -0 -1 -0 -0 -1 -0 -0 -1 -0 -0 0 0 0 0 0 0 0 0 0 7.531924e-17 1 8.486407e-16 7.531924e-17 1 8.486407e-16 7.531924e-17 1 8.486407e-16 7.531924e-17 1 8.486407e-16 7.531924e-17 1 8.486407e-16 -7.531924e-17 -1 -8.486407e-16 -7.531924e-17 -1 -8.486407e-16 -7.531924e-17 -1 -8.486407e-16 -7.531924e-17 -1 -8.486407e-16 -7.531924e-17 -1 -8.486407e-16 0 0 0 0 -1 0 0 -1 0 0 -1 0 0 -1 0 -0 1 -0 -0 1 -0 -0 1 -0 -0 1 -0 0 0 0 3.889609e-17 5.480153e-47 1 3.889609e-17 5.480153e-47 1 3.889609e-17 5.480153e-47 1 3.889609e-17 5.480153e-47 1 -3.889609e-17 -5.480153e-47 -1 -3.889609e-17 -5.480153e-47 -1 -3.889609e-17 -5.480153e-47 -1 -3.889609e-17 -5.480153e-47 -1</float_array>
                    <technique_common>
                        <accessor count="53" source="#ID125" stride="3">
                            <param name="X" type="float" />
                            <param name="Y" type="float" />
                            <param name="Z" type="float" />
                        </accessor>
                    </technique_common>
                </source>
                <source id="ID122">
                    <Name_array id="ID126" count="0" />
                    <technique_common>
                        <accessor count="0" source="#ID126" stride="1">
                            <param name="skp_material" type="Name" />
                        </accessor>
                    </technique_common>
                </source>
                <vertices id="ID123">
                    <input semantic="POSITION" source="#ID120" />
                    <input semantic="NORMAL" source="#ID121" />
                </vertices>
                <triangles count="12" material="Material2">
                    <input offset="0" semantic="VERTEX" source="#ID123" />
                    <p>0 1 2 1 0 3 12 13 14 13 12 15 15 12 16 25 26 27 26 25 28 26 28 29 36 37 38 37 36 39 45 46 47 46 45 48</p>
                </triangles>
                <triangles count="12" material="Material3">
                    <input offset="0" semantic="VERTEX" source="#ID123" />
                    <p>4 5 6 7 6 5 17 18 19 19 18 20 21 20 18 30 31 32 31 33 32 34 32 33 40 41 42 43 42 41 49 50 51 52 51 50</p>
                </triangles>
                <lines count="13" material="Material4">
                    <input offset="0" semantic="VERTEX" source="#ID123" />
                    <p>8 9 10 8 10 11 11 9 22 23 24 22 9 24 23 8 35 22 35 10 11 44 44 24 44 35</p>
                </lines>
            </mesh>
        </geometry>
        <geometry id="ID127">
            <mesh>
                <source id="ID128">
                    <float_array id="ID132" count="144">22.83465 171.1977 38.58268 2.842171e-14 171.1977 22.44094 22.83465 171.1977 22.44094 2.842171e-14 171.1977 38.58268 2.842171e-14 171.1977 38.58268 22.83465 171.1977 38.58268 2.842171e-14 171.1977 22.44094 22.83465 171.1977 22.44094 2.842171e-14 171.1977 38.58268 2.842171e-14 171.1977 22.44094 22.83465 171.1977 22.44094 22.83465 171.1977 38.58268 22.83465 142.0638 22.44094 2.842171e-14 171.1977 22.44094 0 142.0638 22.44094 22.83465 171.1977 22.44094 22.83465 171.1977 22.44094 22.83465 142.0638 22.44094 2.842171e-14 171.1977 22.44094 0 142.0638 22.44094 0 142.0638 22.44094 22.83465 142.0638 22.44094 22.83465 171.1977 38.58268 22.83465 142.0638 22.44094 22.83465 142.0638 38.58268 22.83465 171.1977 22.44094 22.83465 171.1977 22.44094 22.83465 171.1977 38.58268 22.83465 142.0638 22.44094 22.83465 142.0638 38.58268 22.83465 142.0638 38.58268 22.83465 171.1977 38.58268 2.842171e-14 142.0638 38.58268 2.842171e-14 171.1977 38.58268 22.83465 142.0638 38.58268 22.83465 142.0638 38.58268 22.83465 171.1977 38.58268 2.842171e-14 142.0638 38.58268 2.842171e-14 171.1977 38.58268 2.842171e-14 142.0638 38.58268 2.842171e-14 142.0638 38.58268 22.83465 142.0638 22.44094 0 142.0638 22.44094 22.83465 142.0638 38.58268 22.83465 142.0638 38.58268 2.842171e-14 142.0638 38.58268 22.83465 142.0638 22.44094 0 142.0638 22.44094</float_array>
                    <technique_common>
                        <accessor count="48" source="#ID132" stride="3">
                            <param name="X" type="float" />
                            <param name="Y" type="float" />
                            <param name="Z" type="float" />
                        </accessor>
                    </technique_common>
                </source>
                <source id="ID129">
                    <float_array id="ID133" count="144">0 -1 0 0 -1 0 0 -1 0 0 -1 0 -0 1 -0 -0 1 -0 -0 1 -0 -0 1 -0 0 0 0 0 0 0 0 0 0 0 0 0 0 0 1 0 0 1 0 0 1 0 0 1 -0 -0 -1 -0 -0 -1 -0 -0 -1 -0 -0 -1 0 0 0 0 0 0 -1 0 0 -1 0 0 -1 0 0 -1 0 0 1 -0 -0 1 -0 -0 1 -0 -0 1 -0 -0 0 0 0 1.704283e-15 0 -1 1.704283e-15 0 -1 1.704283e-15 0 -1 1.704283e-15 0 -1 -1.704283e-15 -0 1 -1.704283e-15 -0 1 -1.704283e-15 -0 1 -1.704283e-15 -0 1 0 0 0 0 1 0 0 1 0 0 1 0 0 1 0 -0 -1 -0 -0 -1 -0 -0 -1 -0 -0 -1 -0</float_array>
                    <technique_common>
                        <accessor count="48" source="#ID133" stride="3">
                            <param name="X" type="float" />
                            <param name="Y" type="float" />
                            <param name="Z" type="float" />
                        </accessor>
                    </technique_common>
                </source>
                <source id="ID130">
                    <Name_array id="ID134" count="0" />
                    <technique_common>
                        <accessor count="0" source="#ID134" stride="1">
                            <param name="skp_material" type="Name" />
                        </accessor>
                    </technique_common>
                </source>
                <vertices id="ID131">
                    <input semantic="POSITION" source="#ID128" />
                    <input semantic="NORMAL" source="#ID129" />
                </vertices>
                <triangles count="10" material="Material2">
                    <input offset="0" semantic="VERTEX" source="#ID131" />
                    <p>0 1 2 1 0 3 12 13 14 13 12 15 22 23 24 23 22 25 31 32 33 32 31 34 40 41 42 41 40 43</p>
                </triangles>
                <triangles count="10" material="Material3">
                    <input offset="0" semantic="VERTEX" source="#ID131" />
                    <p>4 5 6 7 6 5 16 17 18 19 18 17 26 27 28 29 28 27 35 36 37 38 37 36 44 45 46 47 46 45</p>
                </triangles>
                <lines count="12" material="Material4">
                    <input offset="0" semantic="VERTEX" source="#ID131" />
                    <p>8 9 9 10 10 11 8 11 9 20 20 21 10 21 21 30 30 11 8 39 39 30 39 20</p>
                </lines>
            </mesh>
        </geometry>
        <geometry id="ID135">
            <mesh>
                <source id="ID136">
                    <float_array id="ID140" count="144">22.83465 142.0638 4.724409 0 171.1977 4.724409 0 142.0638 4.724409 22.83465 171.1977 4.724409 22.83465 171.1977 4.724409 22.83465 142.0638 4.724409 0 171.1977 4.724409 0 142.0638 4.724409 0 142.0638 4.724409 22.83465 142.0638 4.724409 22.83465 171.1977 4.724409 0 171.1977 4.724409 0 142.0638 4.724409 22.83465 142.0638 21.65354 22.83465 142.0638 4.724409 0 142.0638 21.65354 0 142.0638 21.65354 0 142.0638 4.724409 22.83465 142.0638 21.65354 22.83465 142.0638 4.724409 0 142.0638 21.65354 22.83465 142.0638 21.65354 22.83465 171.1977 21.65354 22.83465 142.0638 4.724409 22.83465 142.0638 21.65354 22.83465 171.1977 4.724409 22.83465 171.1977 4.724409 22.83465 171.1977 21.65354 22.83465 142.0638 4.724409 22.83465 142.0638 21.65354 22.83465 171.1977 21.65354 22.83465 171.1977 21.65354 0 171.1977 4.724409 22.83465 171.1977 4.724409 2.842171e-14 171.1977 21.65354 2.842171e-14 171.1977 21.65354 22.83465 171.1977 21.65354 0 171.1977 4.724409 22.83465 171.1977 4.724409 2.842171e-14 171.1977 21.65354 2.842171e-14 171.1977 21.65354 22.83465 142.0638 21.65354 0 142.0638 21.65354 22.83465 171.1977 21.65354 22.83465 171.1977 21.65354 2.842171e-14 171.1977 21.65354 22.83465 142.0638 21.65354 0 142.0638 21.65354</float_array>
                    <technique_common>
                        <accessor count="48" source="#ID140" stride="3">
                            <param name="X" type="float" />
                            <param name="Y" type="float" />
                            <param name="Z" type="float" />
                        </accessor>
                    </technique_common>
                </source>
                <source id="ID137">
                    <float_array id="ID141" count="144">2.139285e-16 1.524306e-17 1 2.139285e-16 1.524306e-17 1 2.139285e-16 1.524306e-17 1 2.139285e-16 1.524306e-17 1 -2.139285e-16 -1.524306e-17 -1 -2.139285e-16 -1.524306e-17 -1 -2.139285e-16 -1.524306e-17 -1 -2.139285e-16 -1.524306e-17 -1 0 0 0 0 0 0 0 0 0 0 0 0 0 1 0 0 1 0 0 1 0 0 1 0 -0 -1 -0 -0 -1 -0 -0 -1 -0 -0 -1 -0 0 0 0 0 0 0 -1 0 0 -1 0 0 -1 0 0 -1 0 0 1 -0 -0 1 -0 -0 1 -0 -0 1 -0 -0 0 0 0 0 -1 0 0 -1 0 0 -1 0 0 -1 0 -0 1 -0 -0 1 -0 -0 1 -0 -0 1 -0 0 0 0 0 0 -1 0 0 -1 0 0 -1 0 0 -1 -0 -0 1 -0 -0 1 -0 -0 1 -0 -0 1</float_array>
                    <technique_common>
                        <accessor count="48" source="#ID141" stride="3">
                            <param name="X" type="float" />
                            <param name="Y" type="float" />
                            <param name="Z" type="float" />
                        </accessor>
                    </technique_common>
                </source>
                <source id="ID138">
                    <Name_array id="ID142" count="0" />
                    <technique_common>
                        <accessor count="0" source="#ID142" stride="1">
                            <param name="skp_material" type="Name" />
                        </accessor>
                    </technique_common>
                </source>
                <vertices id="ID139">
                    <input semantic="POSITION" source="#ID136" />
                    <input semantic="NORMAL" source="#ID137" />
                </vertices>
                <triangles count="10" material="Material2">
                    <input offset="0" semantic="VERTEX" source="#ID139" />
                    <p>0 1 2 1 0 3 12 13 14 13 12 15 22 23 24 23 22 25 31 32 33 32 31 34 40 41 42 41 40 43</p>
                </triangles>
                <triangles count="10" material="Material3">
                    <input offset="0" semantic="VERTEX" source="#ID139" />
                    <p>4 5 6 7 6 5 16 17 18 19 18 17 26 27 28 29 28 27 35 36 37 38 37 36 44 45 46 47 46 45</p>
                </triangles>
                <lines count="12" material="Material4">
                    <input offset="0" semantic="VERTEX" source="#ID139" />
                    <p>8 9 9 10 11 10 8 11 20 8 21 20 9 21 30 21 10 30 30 39 39 11 39 20</p>
                </lines>
            </mesh>
        </geometry>
        <geometry id="ID143">
            <mesh>
                <source id="ID144">
                    <float_array id="ID148" count="144">22.83465 141.2764 38.58268 2.842171e-14 111.7488 38.58268 2.842171e-14 141.2764 38.58268 22.83465 111.7488 38.58268 22.83465 111.7488 38.58268 22.83465 141.2764 38.58268 2.842171e-14 111.7488 38.58268 2.842171e-14 141.2764 38.58268 2.842171e-14 141.2764 38.58268 2.842171e-14 111.7488 38.58268 22.83465 141.2764 38.58268 22.83465 111.7488 38.58268 22.83465 141.2764 38.58268 2.842171e-14 141.2764 22.44094 22.83465 141.2764 22.44094 2.842171e-14 141.2764 38.58268 2.842171e-14 141.2764 38.58268 22.83465 141.2764 38.58268 2.842171e-14 141.2764 22.44094 22.83465 141.2764 22.44094 2.842171e-14 141.2764 22.44094 22.83465 141.2764 22.44094 22.83465 141.2764 38.58268 22.83465 111.7488 22.44094 22.83465 111.7488 38.58268 22.83465 141.2764 22.44094 22.83465 141.2764 22.44094 22.83465 141.2764 38.58268 22.83465 111.7488 22.44094 22.83465 111.7488 38.58268 22.83465 111.7488 22.44094 2.842171e-14 111.7488 38.58268 22.83465 111.7488 22.44094 2.842171e-14 111.7488 22.44094 22.83465 111.7488 38.58268 22.83465 111.7488 38.58268 2.842171e-14 111.7488 38.58268 22.83465 111.7488 22.44094 2.842171e-14 111.7488 22.44094 2.842171e-14 111.7488 22.44094 22.83465 111.7488 22.44094 2.842171e-14 141.2764 22.44094 2.842171e-14 111.7488 22.44094 22.83465 141.2764 22.44094 22.83465 141.2764 22.44094 22.83465 111.7488 22.44094 2.842171e-14 141.2764 22.44094 2.842171e-14 111.7488 22.44094</float_array>
                    <technique_common>
                        <accessor count="48" source="#ID148" stride="3">
                            <param name="X" type="float" />
                            <param name="Y" type="float" />
                            <param name="Z" type="float" />
                        </accessor>
                    </technique_common>
                </source>
                <source id="ID145">
                    <float_array id="ID149" count="144">3.211718e-16 3.967542e-46 -1 3.211718e-16 3.967542e-46 -1 3.211718e-16 3.967542e-46 -1 3.211718e-16 3.967542e-46 -1 -3.211718e-16 -3.967542e-46 1 -3.211718e-16 -3.967542e-46 1 -3.211718e-16 -3.967542e-46 1 -3.211718e-16 -3.967542e-46 1 0 0 0 0 0 0 0 0 0 0 0 0 0 -1 0 0 -1 0 0 -1 0 0 -1 0 -0 1 -0 -0 1 -0 -0 1 -0 -0 1 -0 0 0 0 0 0 0 -1 0 0 -1 0 0 -1 0 0 -1 0 0 1 -0 -0 1 -0 -0 1 -0 -0 1 -0 -0 0 0 0 0 1 1.76076e-15 0 1 1.76076e-15 0 1 1.76076e-15 0 1 1.76076e-15 -0 -1 -1.76076e-15 -0 -1 -1.76076e-15 -0 -1 -1.76076e-15 -0 -1 -1.76076e-15 0 0 0 0 0 1 0 0 1 0 0 1 0 0 1 -0 -0 -1 -0 -0 -1 -0 -0 -1 -0 -0 -1</float_array>
                    <technique_common>
                        <accessor count="48" source="#ID149" stride="3">
                            <param name="X" type="float" />
                            <param name="Y" type="float" />
                            <param name="Z" type="float" />
                        </accessor>
                    </technique_common>
                </source>
                <source id="ID146">
                    <Name_array id="ID150" count="0" />
                    <technique_common>
                        <accessor count="0" source="#ID150" stride="1">
                            <param name="skp_material" type="Name" />
                        </accessor>
                    </technique_common>
                </source>
                <vertices id="ID147">
                    <input semantic="POSITION" source="#ID144" />
                    <input semantic="NORMAL" source="#ID145" />
                </vertices>
                <triangles count="10" material="Material2">
                    <input offset="0" semantic="VERTEX" source="#ID147" />
                    <p>0 1 2 1 0 3 12 13 14 13 12 15 22 23 24 23 22 25 31 32 33 32 31 34 40 41 42 41 40 43</p>
                </triangles>
                <triangles count="10" material="Material3">
                    <input offset="0" semantic="VERTEX" source="#ID147" />
                    <p>4 5 6 7 6 5 16 17 18 19 18 17 26 27 28 29 28 27 35 36 37 38 37 36 44 45 46 47 46 45</p>
                </triangles>
                <lines count="12" material="Material4">
                    <input offset="0" semantic="VERTEX" source="#ID147" />
                    <p>8 9 8 10 10 11 9 11 8 20 20 21 21 10 21 30 30 11 39 30 9 39 20 39</p>
                </lines>
            </mesh>
        </geometry>
        <geometry id="ID151">
            <mesh>
                <source id="ID152">
                    <float_array id="ID156" count="144">22.83465 110.6299 38.58268 2.842171e-14 81.10236 38.58268 2.842171e-14 110.6299 38.58268 22.83465 81.10236 38.58268 22.83465 81.10236 38.58268 22.83465 110.6299 38.58268 2.842171e-14 81.10236 38.58268 2.842171e-14 110.6299 38.58268 2.842171e-14 81.10236 38.58268 2.842171e-14 110.6299 38.58268 22.83465 110.6299 38.58268 22.83465 81.10236 38.58268 22.83465 110.6299 38.58268 2.842171e-14 110.6299 22.44094 22.83465 110.6299 22.44094 2.842171e-14 110.6299 38.58268 2.842171e-14 110.6299 38.58268 22.83465 110.6299 38.58268 2.842171e-14 110.6299 22.44094 22.83465 110.6299 22.44094 2.842171e-14 110.6299 22.44094 22.83465 110.6299 22.44094 22.83465 110.6299 38.58268 22.83465 81.10236 22.44094 22.83465 81.10236 38.58268 22.83465 110.6299 22.44094 22.83465 110.6299 22.44094 22.83465 110.6299 38.58268 22.83465 81.10236 22.44094 22.83465 81.10236 38.58268 22.83465 81.10236 22.44094 2.842171e-14 81.10236 22.44094 22.83465 81.10236 38.58268 22.83465 81.10236 22.44094 2.842171e-14 81.10236 38.58268 2.842171e-14 81.10236 38.58268 2.842171e-14 81.10236 22.44094 22.83465 81.10236 38.58268 22.83465 81.10236 22.44094 2.842171e-14 81.10236 22.44094 22.83465 81.10236 22.44094 2.842171e-14 110.6299 22.44094 2.842171e-14 81.10236 22.44094 22.83465 110.6299 22.44094 22.83465 110.6299 22.44094 22.83465 81.10236 22.44094 2.842171e-14 110.6299 22.44094 2.842171e-14 81.10236 22.44094</float_array>
                    <technique_common>
                        <accessor count="48" source="#ID156" stride="3">
                            <param name="X" type="float" />
                            <param name="Y" type="float" />
                            <param name="Z" type="float" />
                        </accessor>
                    </technique_common>
                </source>
                <source id="ID153">
                    <float_array id="ID157" count="144">-7.252267e-16 7.880389e-33 -1 -7.252267e-16 7.880389e-33 -1 -7.252267e-16 7.880389e-33 -1 -7.252267e-16 7.880389e-33 -1 7.252267e-16 -7.880389e-33 1 7.252267e-16 -7.880389e-33 1 7.252267e-16 -7.880389e-33 1 7.252267e-16 -7.880389e-33 1 0 0 0 0 0 0 0 0 0 0 0 0 0 -1 0 0 -1 0 0 -1 0 0 -1 0 -0 1 -0 -0 1 -0 -0 1 -0 -0 1 -0 0 0 0 0 0 0 -1 0 0 -1 0 0 -1 0 0 -1 0 0 1 -0 -0 1 -0 -0 1 -0 -0 1 -0 -0 0 0 0 0 1 0 0 1 0 0 1 0 0 1 0 -0 -1 -0 -0 -1 -0 -0 -1 -0 -0 -1 -0 0 0 0 1.555844e-16 0 1 1.555844e-16 0 1 1.555844e-16 0 1 1.555844e-16 0 1 -1.555844e-16 -0 -1 -1.555844e-16 -0 -1 -1.555844e-16 -0 -1 -1.555844e-16 -0 -1</float_array>
                    <technique_common>
                        <accessor count="48" source="#ID157" stride="3">
                            <param name="X" type="float" />
                            <param name="Y" type="float" />
                            <param name="Z" type="float" />
                        </accessor>
                    </technique_common>
                </source>
                <source id="ID154">
                    <Name_array id="ID158" count="0" />
                    <technique_common>
                        <accessor count="0" source="#ID158" stride="1">
                            <param name="skp_material" type="Name" />
                        </accessor>
                    </technique_common>
                </source>
                <vertices id="ID155">
                    <input semantic="POSITION" source="#ID152" />
                    <input semantic="NORMAL" source="#ID153" />
                </vertices>
                <triangles count="10" material="Material2">
                    <input offset="0" semantic="VERTEX" source="#ID155" />
                    <p>0 1 2 1 0 3 12 13 14 13 12 15 22 23 24 23 22 25 31 32 33 32 31 34 40 41 42 41 40 43</p>
                </triangles>
                <triangles count="10" material="Material3">
                    <input offset="0" semantic="VERTEX" source="#ID155" />
                    <p>4 5 6 7 6 5 16 17 18 19 18 17 26 27 28 29 28 27 35 36 37 38 37 36 44 45 46 47 46 45</p>
                </triangles>
                <lines count="12" material="Material4">
                    <input offset="0" semantic="VERTEX" source="#ID155" />
                    <p>8 9 9 10 10 11 8 11 9 20 20 21 21 10 21 30 30 11 39 30 8 39 20 39</p>
                </lines>
            </mesh>
        </geometry>
        <geometry id="ID159">
            <mesh>
                <source id="ID160">
                    <float_array id="ID164" count="144">22.83465 111.7488 4.724409 0 141.2764 4.724409 0 111.7488 4.724409 22.83465 141.2764 4.724409 22.83465 141.2764 4.724409 22.83465 111.7488 4.724409 0 141.2764 4.724409 0 111.7488 4.724409 0 111.7488 4.724409 22.83465 111.7488 4.724409 22.83465 141.2764 4.724409 0 141.2764 4.724409 0 111.7488 4.724409 22.83465 111.7488 21.65354 22.83465 111.7488 4.724409 2.842171e-14 111.7488 21.65354 2.842171e-14 111.7488 21.65354 0 111.7488 4.724409 22.83465 111.7488 21.65354 22.83465 111.7488 4.724409 2.842171e-14 111.7488 21.65354 22.83465 111.7488 21.65354 22.83465 111.7488 21.65354 22.83465 141.2764 4.724409 22.83465 111.7488 4.724409 22.83465 141.2764 21.65354 22.83465 141.2764 21.65354 22.83465 111.7488 21.65354 22.83465 141.2764 4.724409 22.83465 111.7488 4.724409 22.83465 141.2764 21.65354 22.83465 141.2764 21.65354 0 141.2764 4.724409 22.83465 141.2764 4.724409 2.842171e-14 141.2764 21.65354 2.842171e-14 141.2764 21.65354 22.83465 141.2764 21.65354 0 141.2764 4.724409 22.83465 141.2764 4.724409 2.842171e-14 141.2764 21.65354 22.83465 141.2764 21.65354 2.842171e-14 111.7488 21.65354 2.842171e-14 141.2764 21.65354 22.83465 111.7488 21.65354 22.83465 111.7488 21.65354 22.83465 141.2764 21.65354 2.842171e-14 111.7488 21.65354 2.842171e-14 141.2764 21.65354</float_array>
                    <technique_common>
                        <accessor count="48" source="#ID164" stride="3">
                            <param name="X" type="float" />
                            <param name="Y" type="float" />
                            <param name="Z" type="float" />
                        </accessor>
                    </technique_common>
                </source>
                <source id="ID161">
                    <float_array id="ID165" count="144">5.834413e-16 -6.015928e-17 1 5.834413e-16 -6.015928e-17 1 5.834413e-16 -6.015928e-17 1 5.834413e-16 -6.015928e-17 1 -5.834413e-16 6.015928e-17 -1 -5.834413e-16 6.015928e-17 -1 -5.834413e-16 6.015928e-17 -1 -5.834413e-16 6.015928e-17 -1 0 0 0 0 0 0 0 0 0 0 0 0 -5.458283e-31 1 -1.678864e-15 -5.458283e-31 1 -1.678864e-15 -5.458283e-31 1 -1.678864e-15 -5.458283e-31 1 -1.678864e-15 5.458283e-31 -1 1.678864e-15 5.458283e-31 -1 1.678864e-15 5.458283e-31 -1 1.678864e-15 5.458283e-31 -1 1.678864e-15 0 0 0 0 0 0 -1 0 0 -1 0 0 -1 0 0 -1 0 0 1 -0 -0 1 -0 -0 1 -0 -0 1 -0 -0 0 0 0 0 -1 0 0 -1 0 0 -1 0 0 -1 0 -0 1 -0 -0 1 -0 -0 1 -0 -0 1 -0 0 0 0 0 0 -1 0 0 -1 0 0 -1 0 0 -1 -0 -0 1 -0 -0 1 -0 -0 1 -0 -0 1</float_array>
                    <technique_common>
                        <accessor count="48" source="#ID165" stride="3">
                            <param name="X" type="float" />
                            <param name="Y" type="float" />
                            <param name="Z" type="float" />
                        </accessor>
                    </technique_common>
                </source>
                <source id="ID162">
                    <Name_array id="ID166" count="0" />
                    <technique_common>
                        <accessor count="0" source="#ID166" stride="1">
                            <param name="skp_material" type="Name" />
                        </accessor>
                    </technique_common>
                </source>
                <vertices id="ID163">
                    <input semantic="POSITION" source="#ID160" />
                    <input semantic="NORMAL" source="#ID161" />
                </vertices>
                <triangles count="10" material="Material2">
                    <input offset="0" semantic="VERTEX" source="#ID163" />
                    <p>0 1 2 1 0 3 12 13 14 13 12 15 22 23 24 23 22 25 31 32 33 32 31 34 40 41 42 41 40 43</p>
                </triangles>
                <triangles count="10" material="Material3">
                    <input offset="0" semantic="VERTEX" source="#ID163" />
                    <p>4 5 6 7 6 5 16 17 18 19 18 17 26 27 28 29 28 27 35 36 37 38 37 36 44 45 46 47 46 45</p>
                </triangles>
                <lines count="12" material="Material4">
                    <input offset="0" semantic="VERTEX" source="#ID163" />
                    <p>8 9 10 9 11 10 11 8 20 8 21 20 9 21 30 21 10 30 30 39 39 11 39 20</p>
                </lines>
            </mesh>
        </geometry>
        <geometry id="ID167">
            <mesh>
                <source id="ID168">
                    <float_array id="ID172" count="144">2.842171e-14 81.10236 4.724409 22.83465 110.6299 4.724409 0 110.6299 4.724409 22.83465 81.10236 4.724409 22.83465 81.10236 4.724409 2.842171e-14 81.10236 4.724409 22.83465 110.6299 4.724409 0 110.6299 4.724409 2.842171e-14 81.10236 4.724409 22.83465 81.10236 4.724409 22.83465 110.6299 4.724409 0 110.6299 4.724409 2.842171e-14 81.10236 4.724409 22.83465 81.10236 21.65354 22.83465 81.10236 4.724409 2.842171e-14 81.10236 21.65354 2.842171e-14 81.10236 21.65354 2.842171e-14 81.10236 4.724409 22.83465 81.10236 21.65354 22.83465 81.10236 4.724409 2.842171e-14 81.10236 21.65354 22.83465 81.10236 21.65354 22.83465 110.6299 21.65354 22.83465 81.10236 4.724409 22.83465 81.10236 21.65354 22.83465 110.6299 4.724409 22.83465 110.6299 4.724409 22.83465 110.6299 21.65354 22.83465 81.10236 4.724409 22.83465 81.10236 21.65354 22.83465 110.6299 21.65354 22.83465 110.6299 21.65354 0 110.6299 4.724409 22.83465 110.6299 4.724409 2.842171e-14 110.6299 21.65354 2.842171e-14 110.6299 21.65354 22.83465 110.6299 21.65354 0 110.6299 4.724409 22.83465 110.6299 4.724409 2.842171e-14 110.6299 21.65354 22.83465 110.6299 21.65354 2.842171e-14 81.10236 21.65354 2.842171e-14 110.6299 21.65354 22.83465 81.10236 21.65354 22.83465 81.10236 21.65354 22.83465 110.6299 21.65354 2.842171e-14 81.10236 21.65354 2.842171e-14 110.6299 21.65354</float_array>
                    <technique_common>
                        <accessor count="48" source="#ID172" stride="3">
                            <param name="X" type="float" />
                            <param name="Y" type="float" />
                            <param name="Z" type="float" />
                        </accessor>
                    </technique_common>
                </source>
                <source id="ID169">
                    <float_array id="ID173" count="144">5.056492e-16 3.007964e-17 1 5.056492e-16 3.007964e-17 1 5.056492e-16 3.007964e-17 1 5.056492e-16 3.007964e-17 1 -5.056492e-16 -3.007964e-17 -1 -5.056492e-16 -3.007964e-17 -1 -5.056492e-16 -3.007964e-17 -1 -5.056492e-16 -3.007964e-17 -1 0 0 0 0 0 0 0 0 0 0 0 0 0 1 0 0 1 0 0 1 0 0 1 0 -0 -1 -0 -0 -1 -0 -0 -1 -0 -0 -1 -0 0 0 0 0 0 0 -1 0 0 -1 0 0 -1 0 0 -1 0 0 1 -0 -0 1 -0 -0 1 -0 -0 1 -0 -0 0 0 0 0 -1 0 0 -1 0 0 -1 0 0 -1 0 -0 1 -0 -0 1 -0 -0 1 -0 -0 1 -0 0 0 0 0 0 -1 0 0 -1 0 0 -1 0 0 -1 -0 -0 1 -0 -0 1 -0 -0 1 -0 -0 1</float_array>
                    <technique_common>
                        <accessor count="48" source="#ID173" stride="3">
                            <param name="X" type="float" />
                            <param name="Y" type="float" />
                            <param name="Z" type="float" />
                        </accessor>
                    </technique_common>
                </source>
                <source id="ID170">
                    <Name_array id="ID174" count="0" />
                    <technique_common>
                        <accessor count="0" source="#ID174" stride="1">
                            <param name="skp_material" type="Name" />
                        </accessor>
                    </technique_common>
                </source>
                <vertices id="ID171">
                    <input semantic="POSITION" source="#ID168" />
                    <input semantic="NORMAL" source="#ID169" />
                </vertices>
                <triangles count="10" material="Material2">
                    <input offset="0" semantic="VERTEX" source="#ID171" />
                    <p>0 1 2 1 0 3 12 13 14 13 12 15 22 23 24 23 22 25 31 32 33 32 31 34 40 41 42 41 40 43</p>
                </triangles>
                <triangles count="10" material="Material3">
                    <input offset="0" semantic="VERTEX" source="#ID171" />
                    <p>4 5 6 7 6 5 16 17 18 19 18 17 26 27 28 29 28 27 35 36 37 38 37 36 44 45 46 47 46 45</p>
                </triangles>
                <lines count="12" material="Material4">
                    <input offset="0" semantic="VERTEX" source="#ID171" />
                    <p>8 9 10 9 11 10 11 8 20 8 21 20 9 21 30 21 10 30 30 39 39 11 39 20</p>
                </lines>
            </mesh>
        </geometry>
        <geometry id="ID175">
            <mesh>
                <source id="ID176">
                    <float_array id="ID180" count="144">22.83465 153.4812 82.8633 22.83465 120.4291 66.73228 22.83465 120.4291 82.54877 22.83465 153.4811 66.73228 22.83465 153.4811 66.73228 22.83465 153.4812 82.8633 22.83465 120.4291 66.73228 22.83465 120.4291 82.54877 22.83465 153.4811 66.73228 22.83465 120.4291 66.73228 22.83465 120.4291 82.54877 22.83465 153.4812 82.8633 22.83465 120.4291 66.73228 5.905512 153.4811 66.73228 5.905512 120.4291 66.73228 22.83465 153.4811 66.73228 22.83465 153.4811 66.73228 22.83465 120.4291 66.73228 5.905512 153.4811 66.73228 5.905512 120.4291 66.73228 5.905512 153.4811 66.73228 5.905512 120.4291 66.73228 5.905512 120.4291 82.54877 22.83465 120.4291 66.73228 5.905512 120.4291 66.73228 22.83465 120.4291 82.54877 22.83465 120.4291 82.54877 5.905512 120.4291 82.54877 22.83465 120.4291 66.73228 5.905512 120.4291 66.73228 5.905512 120.4291 82.54877 22.83465 153.4812 82.8633 5.905512 120.4291 82.54877 5.905512 153.4812 82.8633 22.83465 120.4291 82.54877 22.83465 120.4291 82.54877 22.83465 153.4812 82.8633 5.905512 120.4291 82.54877 5.905512 153.4812 82.8633 5.905512 153.4812 82.8633 22.83465 153.4812 82.8633 5.905512 153.4811 66.73228 22.83465 153.4811 66.73228 5.905512 153.4812 82.8633 5.905512 153.4812 82.8633 22.83465 153.4812 82.8633 5.905512 153.4811 66.73228 22.83465 153.4811 66.73228</float_array>
                    <technique_common>
                        <accessor count="48" source="#ID180" stride="3">
                            <param name="X" type="float" />
                            <param name="Y" type="float" />
                            <param name="Z" type="float" />
                        </accessor>
                    </technique_common>
                </source>
                <source id="ID177">
                    <float_array id="ID181" count="144">-1 0 0 -1 0 0 -1 0 0 -1 0 0 1 -0 -0 1 -0 -0 1 -0 -0 1 -0 -0 0 0 0 0 0 0 0 0 0 0 0 0 0 0 1 0 0 1 0 0 1 0 0 1 -0 -0 -1 -0 -0 -1 -0 -0 -1 -0 -0 -1 0 0 0 0 0 0 0 1 0 0 1 0 0 1 0 0 1 0 -0 -1 -0 -0 -1 -0 -0 -1 -0 -0 -1 -0 0 0 0 0 0.009515807 -0.9999547 0 0.009515807 -0.9999547 0 0.009515807 -0.9999547 0 0.009515807 -0.9999547 -0 -0.009515807 0.9999547 -0 -0.009515807 0.9999547 -0 -0.009515807 0.9999547 -0 -0.009515807 0.9999547 0 0 0 0 -1 2.120782e-06 0 -1 2.120782e-06 0 -1 2.120782e-06 0 -1 2.120782e-06 -0 1 -2.120782e-06 -0 1 -2.120782e-06 -0 1 -2.120782e-06 -0 1 -2.120782e-06</float_array>
                    <technique_common>
                        <accessor count="48" source="#ID181" stride="3">
                            <param name="X" type="float" />
                            <param name="Y" type="float" />
                            <param name="Z" type="float" />
                        </accessor>
                    </technique_common>
                </source>
                <source id="ID178">
                    <Name_array id="ID182" count="0" />
                    <technique_common>
                        <accessor count="0" source="#ID182" stride="1">
                            <param name="skp_material" type="Name" />
                        </accessor>
                    </technique_common>
                </source>
                <vertices id="ID179">
                    <input semantic="POSITION" source="#ID176" />
                    <input semantic="NORMAL" source="#ID177" />
                </vertices>
                <triangles count="10" material="Material2">
                    <input offset="0" semantic="VERTEX" source="#ID179" />
                    <p>0 1 2 1 0 3 12 13 14 13 12 15 22 23 24 23 22 25 31 32 33 32 31 34 40 41 42 41 40 43</p>
                </triangles>
                <triangles count="10" material="Material3">
                    <input offset="0" semantic="VERTEX" source="#ID179" />
                    <p>4 5 6 7 6 5 16 17 18 19 18 17 26 27 28 29 28 27 35 36 37 38 37 36 44 45 46 47 46 45</p>
                </triangles>
                <lines count="12" material="Material4">
                    <input offset="0" semantic="VERTEX" source="#ID179" />
                    <p>8 9 10 9 10 11 11 8 20 21 21 9 20 8 30 21 30 10 30 39 39 11 39 20</p>
                </lines>
            </mesh>
        </geometry>
        <geometry id="ID183">
            <mesh>
                <source id="ID184">
                    <float_array id="ID188" count="144">22.83465 119.6417 82.54128 22.83465 85.82524 66.73228 22.83465 85.82524 82.21947 22.83465 119.6417 66.73228 22.83465 119.6417 66.73228 22.83465 119.6417 82.54128 22.83465 85.82524 66.73228 22.83465 85.82524 82.21947 22.83465 85.82524 82.21947 22.83465 119.6417 82.54128 22.83465 119.6417 66.73228 22.83465 85.82524 66.73228 5.905512 119.6417 82.54128 22.83465 85.82524 82.21947 5.905512 85.82524 82.21947 22.83465 119.6417 82.54128 22.83465 119.6417 82.54128 5.905512 119.6417 82.54128 22.83465 85.82524 82.21947 5.905512 85.82524 82.21947 5.905512 85.82524 82.21947 5.905512 119.6417 82.54128 22.83465 119.6417 82.54128 5.905512 119.6417 66.73228 22.83465 119.6417 66.73228 5.905512 119.6417 82.54128 5.905512 119.6417 82.54128 22.83465 119.6417 82.54128 5.905512 119.6417 66.73228 22.83465 119.6417 66.73228 5.905512 119.6417 66.73228 22.83465 85.82524 66.73228 5.905512 119.6417 66.73228 5.905512 85.82524 66.73228 22.83465 119.6417 66.73228 22.83465 119.6417 66.73228 22.83465 85.82524 66.73228 5.905512 119.6417 66.73228 5.905512 85.82524 66.73228 5.905512 85.82524 66.73228 5.905512 85.82524 82.21947 22.83465 85.82524 66.73228 5.905512 85.82524 66.73228 22.83465 85.82524 82.21947 22.83465 85.82524 82.21947 5.905512 85.82524 82.21947 22.83465 85.82524 66.73228 5.905512 85.82524 66.73228</float_array>
                    <technique_common>
                        <accessor count="48" source="#ID188" stride="3">
                            <param name="X" type="float" />
                            <param name="Y" type="float" />
                            <param name="Z" type="float" />
                        </accessor>
                    </technique_common>
                </source>
                <source id="ID185">
                    <float_array id="ID189" count="144">-1 8.404684e-16 5.192144e-32 -1 8.404684e-16 5.192144e-32 -1 8.404684e-16 5.192144e-32 -1 8.404684e-16 5.192144e-32 1 -8.404684e-16 -5.192144e-32 1 -8.404684e-16 -5.192144e-32 1 -8.404684e-16 -5.192144e-32 1 -8.404684e-16 -5.192144e-32 0 0 0 0 0 0 0 0 0 0 0 0 7.997735e-18 0.009515807 -0.9999547 7.997735e-18 0.009515807 -0.9999547 7.997735e-18 0.009515807 -0.9999547 7.997735e-18 0.009515807 -0.9999547 -7.997735e-18 -0.009515807 0.9999547 -7.997735e-18 -0.009515807 0.9999547 -7.997735e-18 -0.009515807 0.9999547 -7.997735e-18 -0.009515807 0.9999547 0 0 0 0 0 0 -8.404684e-16 -1 -0 -8.404684e-16 -1 -0 -8.404684e-16 -1 -0 -8.404684e-16 -1 -0 8.404684e-16 1 0 8.404684e-16 1 0 8.404684e-16 1 0 8.404684e-16 1 0 0 0 0 5.192144e-32 -4.363833e-47 1 5.192144e-32 -4.363833e-47 1 5.192144e-32 -4.363833e-47 1 5.192144e-32 -4.363833e-47 1 -5.192144e-32 4.363833e-47 -1 -5.192144e-32 4.363833e-47 -1 -5.192144e-32 4.363833e-47 -1 -5.192144e-32 4.363833e-47 -1 0 0 0 8.404684e-16 1 0 8.404684e-16 1 0 8.404684e-16 1 0 8.404684e-16 1 0 -8.404684e-16 -1 -0 -8.404684e-16 -1 -0 -8.404684e-16 -1 -0 -8.404684e-16 -1 -0</float_array>
                    <technique_common>
                        <accessor count="48" source="#ID189" stride="3">
                            <param name="X" type="float" />
                            <param name="Y" type="float" />
                            <param name="Z" type="float" />
                        </accessor>
                    </technique_common>
                </source>
                <source id="ID186">
                    <Name_array id="ID190" count="0" />
                    <technique_common>
                        <accessor count="0" source="#ID190" stride="1">
                            <param name="skp_material" type="Name" />
                        </accessor>
                    </technique_common>
                </source>
                <vertices id="ID187">
                    <input semantic="POSITION" source="#ID184" />
                    <input semantic="NORMAL" source="#ID185" />
                </vertices>
                <triangles count="10" material="Material2">
                    <input offset="0" semantic="VERTEX" source="#ID187" />
                    <p>0 1 2 1 0 3 12 13 14 13 12 15 22 23 24 23 22 25 31 32 33 32 31 34 40 41 42 41 40 43</p>
                </triangles>
                <triangles count="10" material="Material3">
                    <input offset="0" semantic="VERTEX" source="#ID187" />
                    <p>4 5 6 7 6 5 16 17 18 19 18 17 26 27 28 29 28 27 35 36 37 38 37 36 44 45 46 47 46 45</p>
                </triangles>
                <lines count="12" material="Material4">
                    <input offset="0" semantic="VERTEX" source="#ID187" />
                    <p>8 9 9 10 10 11 8 11 20 21 21 9 20 8 21 30 30 10 30 39 39 11 20 39</p>
                </lines>
            </mesh>
        </geometry>
        <geometry id="ID191">
            <mesh>
                <source id="ID192">
                    <float_array id="ID196" count="144">22.83465 85.03787 82.21198 22.83465 51.9685 66.73228 22.83465 51.9685 81.89728 22.83465 85.03787 66.73228 22.83465 85.03787 66.73228 22.83465 85.03787 82.21198 22.83465 51.9685 66.73228 22.83465 51.9685 81.89728 22.83465 51.9685 81.89728 22.83465 85.03787 82.21198 22.83465 85.03787 66.73228 22.83465 51.9685 66.73228 22.83465 85.03787 82.21198 5.905512 51.9685 81.89728 5.905512 85.03787 82.21198 22.83465 51.9685 81.89728 22.83465 51.9685 81.89728 22.83465 85.03787 82.21198 5.905512 51.9685 81.89728 5.905512 85.03787 82.21198 5.905512 51.9685 81.89728 5.905512 85.03787 82.21198 22.83465 85.03787 66.73228 5.905512 85.03787 82.21198 5.905512 85.03787 66.73228 22.83465 85.03787 82.21198 22.83465 85.03787 82.21198 22.83465 85.03787 66.73228 5.905512 85.03787 82.21198 5.905512 85.03787 66.73228 5.905512 85.03787 66.73228 5.905512 51.9685 66.73228 22.83465 85.03787 66.73228 5.905512 85.03787 66.73228 22.83465 51.9685 66.73228 22.83465 51.9685 66.73228 5.905512 51.9685 66.73228 22.83465 85.03787 66.73228 5.905512 85.03787 66.73228 5.905512 51.9685 66.73228 5.905512 51.9685 81.89728 22.83465 51.9685 66.73228 5.905512 51.9685 66.73228 22.83465 51.9685 81.89728 22.83465 51.9685 81.89728 5.905512 51.9685 81.89728 22.83465 51.9685 66.73228 5.905512 51.9685 66.73228</float_array>
                    <technique_common>
                        <accessor count="48" source="#ID196" stride="3">
                            <param name="X" type="float" />
                            <param name="Y" type="float" />
                            <param name="Z" type="float" />
                        </accessor>
                    </technique_common>
                </source>
                <source id="ID193">
                    <float_array id="ID197" count="144">-1 -4.253615e-16 -9.178384e-16 -1 -4.253615e-16 -9.178384e-16 -1 -4.253615e-16 -9.178384e-16 -1 -4.253615e-16 -9.178384e-16 1 4.253615e-16 9.178384e-16 1 4.253615e-16 9.178384e-16 1 4.253615e-16 9.178384e-16 1 4.253615e-16 9.178384e-16 0 0 0 0 0 0 0 0 0 0 0 0 9.137492e-16 0.009515807 -0.9999547 9.137492e-16 0.009515807 -0.9999547 9.137492e-16 0.009515807 -0.9999547 9.137492e-16 0.009515807 -0.9999547 -9.137492e-16 -0.009515807 0.9999547 -9.137492e-16 -0.009515807 0.9999547 -9.137492e-16 -0.009515807 0.9999547 -9.137492e-16 -0.009515807 0.9999547 0 0 0 0 0 0 4.253615e-16 -1 0 4.253615e-16 -1 0 4.253615e-16 -1 0 4.253615e-16 -1 0 -4.253615e-16 1 -0 -4.253615e-16 1 -0 -4.253615e-16 1 -0 -4.253615e-16 1 -0 0 0 0 -9.178384e-16 -7.888429e-31 1 -9.178384e-16 -7.888429e-31 1 -9.178384e-16 -7.888429e-31 1 -9.178384e-16 -7.888429e-31 1 9.178384e-16 7.888429e-31 -1 9.178384e-16 7.888429e-31 -1 9.178384e-16 7.888429e-31 -1 9.178384e-16 7.888429e-31 -1 0 0 0 -4.253615e-16 1 -7.971976e-31 -4.253615e-16 1 -7.971976e-31 -4.253615e-16 1 -7.971976e-31 -4.253615e-16 1 -7.971976e-31 4.253615e-16 -1 7.971976e-31 4.253615e-16 -1 7.971976e-31 4.253615e-16 -1 7.971976e-31 4.253615e-16 -1 7.971976e-31</float_array>
                    <technique_common>
                        <accessor count="48" source="#ID197" stride="3">
                            <param name="X" type="float" />
                            <param name="Y" type="float" />
                            <param name="Z" type="float" />
                        </accessor>
                    </technique_common>
                </source>
                <source id="ID194">
                    <Name_array id="ID198" count="0" />
                    <technique_common>
                        <accessor count="0" source="#ID198" stride="1">
                            <param name="skp_material" type="Name" />
                        </accessor>
                    </technique_common>
                </source>
                <vertices id="ID195">
                    <input semantic="POSITION" source="#ID192" />
                    <input semantic="NORMAL" source="#ID193" />
                </vertices>
                <triangles count="10" material="Material2">
                    <input offset="0" semantic="VERTEX" source="#ID195" />
                    <p>0 1 2 1 0 3 12 13 14 13 12 15 22 23 24 23 22 25 31 32 33 32 31 34 40 41 42 41 40 43</p>
                </triangles>
                <triangles count="10" material="Material3">
                    <input offset="0" semantic="VERTEX" source="#ID195" />
                    <p>4 5 6 7 6 5 16 17 18 19 18 17 26 27 28 29 28 27 35 36 37 38 37 36 44 45 46 47 46 45</p>
                </triangles>
                <lines count="12" material="Material4">
                    <input offset="0" semantic="VERTEX" source="#ID195" />
                    <p>8 9 9 10 10 11 11 8 20 21 21 9 20 8 21 30 30 10 30 39 39 11 39 20</p>
                </lines>
            </mesh>
        </geometry>
        <geometry id="ID199">
            <mesh>
                <source id="ID200">
                    <float_array id="ID202" count="6">22.83465 0.7874016 39.37008 22.83465 0 39.37008</float_array>
                    <technique_common>
                        <accessor count="2" source="#ID202" stride="3">
                            <param name="X" type="float" />
                            <param name="Y" type="float" />
                            <param name="Z" type="float" />
                        </accessor>
                    </technique_common>
                </source>
                <vertices id="ID201">
                    <input semantic="POSITION" source="#ID200" />
                </vertices>
                <lines count="1" material="Material2">
                    <input offset="0" semantic="VERTEX" source="#ID201" />
                    <p>1 0</p>
                </lines>
            </mesh>
        </geometry>
        <geometry id="ID203">
            <mesh>
                <source id="ID204">
                    <float_array id="ID206" count="9">22.83465 0 0.8229962 22.83465 0.8229962 0.8229962 22.83465 0.8229962 9.812431e-14</float_array>
                    <technique_common>
                        <accessor count="3" source="#ID206" stride="3">
                            <param name="X" type="float" />
                            <param name="Y" type="float" />
                            <param name="Z" type="float" />
                        </accessor>
                    </technique_common>
                </source>
                <vertices id="ID205">
                    <input semantic="POSITION" source="#ID204" />
                </vertices>
                <lines count="2" material="Material2">
                    <input offset="0" semantic="VERTEX" source="#ID205" />
                    <p>1 0 1 2</p>
                </lines>
            </mesh>
        </geometry>
        <geometry id="ID207">
            <mesh>
                <source id="ID208">
                    <float_array id="ID210" count="18">22.83465 25.59055 0.8229962 22.83465 24.76755 0.8229962 22.83465 25.59055 3.937008 22.83465 25.59055 5.684342e-14 22.83465 24.76755 7.037512e-14 3.937008 24.76755 0.8229962</float_array>
                    <technique_common>
                        <accessor count="6" source="#ID210" stride="3">
                            <param name="X" type="float" />
                            <param name="Y" type="float" />
                            <param name="Z" type="float" />
                        </accessor>
                    </technique_common>
                </source>
                <vertices id="ID209">
                    <input semantic="POSITION" source="#ID208" />
                </vertices>
                <lines count="5" material="Material2">
                    <input offset="0" semantic="VERTEX" source="#ID209" />
                    <p>1 0 2 0 0 3 4 1 5 1</p>
                </lines>
            </mesh>
        </geometry>
        <geometry id="ID211">
            <mesh>
                <source id="ID212">
                    <float_array id="ID214" count="6">22.83465 25.59055 39.37008 22.83465 24.80315 39.37008</float_array>
                    <technique_common>
                        <accessor count="2" source="#ID214" stride="3">
                            <param name="X" type="float" />
                            <param name="Y" type="float" />
                            <param name="Z" type="float" />
                        </accessor>
                    </technique_common>
                </source>
                <vertices id="ID213">
                    <input semantic="POSITION" source="#ID212" />
                </vertices>
                <lines count="1" material="Material2">
                    <input offset="0" semantic="VERTEX" source="#ID213" />
                    <p>1 0</p>
                </lines>
            </mesh>
        </geometry>
        <geometry id="ID215">
            <mesh>
                <source id="ID216">
                    <float_array id="ID218" count="6">3.937008 51.1811 3.937008 23.62205 51.1811 3.937008</float_array>
                    <technique_common>
                        <accessor count="2" source="#ID218" stride="3">
                            <param name="X" type="float" />
                            <param name="Y" type="float" />
                            <param name="Z" type="float" />
                        </accessor>
                    </technique_common>
                </source>
                <vertices id="ID217">
                    <input semantic="POSITION" source="#ID216" />
                </vertices>
                <lines count="1" material="Material2">
                    <input offset="0" semantic="VERTEX" source="#ID217" />
                    <p>1 0</p>
                </lines>
            </mesh>
        </geometry>
        <geometry id="ID219">
            <mesh>
                <source id="ID220">
                    <float_array id="ID222" count="6">3.937008 0 0.8229962 3.937008 0.8229962 0.8229962</float_array>
                    <technique_common>
                        <accessor count="2" source="#ID222" stride="3">
                            <param name="X" type="float" />
                            <param name="Y" type="float" />
                            <param name="Z" type="float" />
                        </accessor>
                    </technique_common>
                </source>
                <vertices id="ID221">
                    <input semantic="POSITION" source="#ID220" />
                </vertices>
                <lines count="1" material="Material2">
                    <input offset="0" semantic="VERTEX" source="#ID221" />
                    <p>1 0</p>
                </lines>
            </mesh>
        </geometry>
        <geometry id="ID223">
            <mesh>
                <source id="ID224">
                    <float_array id="ID226" count="6">22.83465 50.3937 3.937008 23.62205 50.3937 3.937008</float_array>
                    <technique_common>
                        <accessor count="2" source="#ID226" stride="3">
                            <param name="X" type="float" />
                            <param name="Y" type="float" />
                            <param name="Z" type="float" />
                        </accessor>
                    </technique_common>
                </source>
                <vertices id="ID225">
                    <input semantic="POSITION" source="#ID224" />
                </vertices>
                <lines count="1" material="Material2">
                    <input offset="0" semantic="VERTEX" source="#ID225" />
                    <p>1 0</p>
                </lines>
            </mesh>
        </geometry>
        <geometry id="ID227">
            <mesh>
                <source id="ID228">
                    <float_array id="ID230" count="6">22.83465 50.3937 20.47244 23.62205 50.3937 20.47244</float_array>
                    <technique_common>
                        <accessor count="2" source="#ID230" stride="3">
                            <param name="X" type="float" />
                            <param name="Y" type="float" />
                            <param name="Z" type="float" />
                        </accessor>
                    </technique_common>
                </source>
                <vertices id="ID229">
                    <input semantic="POSITION" source="#ID228" />
                </vertices>
                <lines count="1" material="Material2">
                    <input offset="0" semantic="VERTEX" source="#ID229" />
                    <p>1 0</p>
                </lines>
            </mesh>
        </geometry>
        <geometry id="ID231">
            <mesh>
                <source id="ID232">
                    <float_array id="ID234" count="6">22.83465 141.2764 4.724409 22.83465 142.0638 4.724409</float_array>
                    <technique_common>
                        <accessor count="2" source="#ID234" stride="3">
                            <param name="X" type="float" />
                            <param name="Y" type="float" />
                            <param name="Z" type="float" />
                        </accessor>
                    </technique_common>
                </source>
                <vertices id="ID233">
                    <input semantic="POSITION" source="#ID232" />
                </vertices>
                <lines count="1" material="Material2">
                    <input offset="0" semantic="VERTEX" source="#ID233" />
                    <p>1 0</p>
                </lines>
            </mesh>
        </geometry>
        <geometry id="ID235">
            <mesh>
                <source id="ID236">
                    <float_array id="ID238" count="6">22.83465 110.6299 4.724409 22.83465 111.7488 4.724409</float_array>
                    <technique_common>
                        <accessor count="2" source="#ID238" stride="3">
                            <param name="X" type="float" />
                            <param name="Y" type="float" />
                            <param name="Z" type="float" />
                        </accessor>
                    </technique_common>
                </source>
                <vertices id="ID237">
                    <input semantic="POSITION" source="#ID236" />
                </vertices>
                <lines count="1" material="Material2">
                    <input offset="0" semantic="VERTEX" source="#ID237" />
                    <p>1 0</p>
                </lines>
            </mesh>
        </geometry>
        <geometry id="ID239">
            <mesh>
                <source id="ID240">
                    <float_array id="ID242" count="6">22.83465 80.31496 4.724409 22.83465 81.10236 4.724409</float_array>
                    <technique_common>
                        <accessor count="2" source="#ID242" stride="3">
                            <param name="X" type="float" />
                            <param name="Y" type="float" />
                            <param name="Z" type="float" />
                        </accessor>
                    </technique_common>
                </source>
                <vertices id="ID241">
                    <input semantic="POSITION" source="#ID240" />
                </vertices>
                <lines count="1" material="Material2">
                    <input offset="0" semantic="VERTEX" source="#ID241" />
                    <p>1 0</p>
                </lines>
            </mesh>
        </geometry>
        <geometry id="ID243">
            <mesh>
                <source id="ID244">
                    <float_array id="ID246" count="6">22.83465 111.7488 22.44094 22.83465 111.7488 21.65354</float_array>
                    <technique_common>
                        <accessor count="2" source="#ID246" stride="3">
                            <param name="X" type="float" />
                            <param name="Y" type="float" />
                            <param name="Z" type="float" />
                        </accessor>
                    </technique_common>
                </source>
                <vertices id="ID245">
                    <input semantic="POSITION" source="#ID244" />
                </vertices>
                <lines count="1" material="Material2">
                    <input offset="0" semantic="VERTEX" source="#ID245" />
                    <p>1 0</p>
                </lines>
            </mesh>
        </geometry>
        <geometry id="ID247">
            <mesh>
                <source id="ID248">
                    <float_array id="ID250" count="6">22.83465 81.10236 22.44094 22.83465 81.10236 21.65354</float_array>
                    <technique_common>
                        <accessor count="2" source="#ID250" stride="3">
                            <param name="X" type="float" />
                            <param name="Y" type="float" />
                            <param name="Z" type="float" />
                        </accessor>
                    </technique_common>
                </source>
                <vertices id="ID249">
                    <input semantic="POSITION" source="#ID248" />
                </vertices>
                <lines count="1" material="Material2">
                    <input offset="0" semantic="VERTEX" source="#ID249" />
                    <p>1 0</p>
                </lines>
            </mesh>
        </geometry>
        <geometry id="ID251">
            <mesh>
                <source id="ID252">
                    <float_array id="ID254" count="6">22.83465 51.1811 22.44094 22.83465 51.1811 21.65354</float_array>
                    <technique_common>
                        <accessor count="2" source="#ID254" stride="3">
                            <param name="X" type="float" />
                            <param name="Y" type="float" />
                            <param name="Z" type="float" />
                        </accessor>
                    </technique_common>
                </source>
                <vertices id="ID253">
                    <input semantic="POSITION" source="#ID252" />
                </vertices>
                <lines count="1" material="Material2">
                    <input offset="0" semantic="VERTEX" source="#ID253" />
                    <p>1 0</p>
                </lines>
            </mesh>
        </geometry>
        <geometry id="ID256">
            <mesh>
                <source id="ID257">
                    <float_array id="ID262" count="24">0 468 0 0 0 0 121 468 0 121 0 0 121 468 0 0 0 0 0 468 0 121 0 0</float_array>
                    <technique_common>
                        <accessor count="8" source="#ID262" stride="3">
                            <param name="X" type="float" />
                            <param name="Y" type="float" />
                            <param name="Z" type="float" />
                        </accessor>
                    </technique_common>
                </source>
                <source id="ID259">
                    <Name_array id="ID265" count="0" />
                    <technique_common>
                        <accessor count="0" source="#ID265" stride="1">
                            <param name="skp_material" type="Name" />
                        </accessor>
                    </technique_common>
                </source>
                <source id="ID261">
                    <float_array id="ID264" count="8">0 1 0 0 1 1 1 0</float_array>
                    <technique_common>
                        <accessor count="4" source="#ID264" stride="2">
                            <param name="S" type="float" />
                            <param name="T" type="float" />
                        </accessor>
                    </technique_common>
                </source>
                <vertices id="ID260">
                    <input semantic="POSITION" source="#ID257" />
                </vertices>
                <triangles count="4" material="Material2">
                    <input offset="0" semantic="VERTEX" source="#ID260" />
                    <input offset="1" semantic="TEXCOORD" source="#ID261" />
                    <p>0 0 1 1 2 2 3 3 2 2 1 1 4 2 5 1 6 0 5 1 4 2 7 3</p>
                </triangles>
            </mesh>
        </geometry>
    </library_geometries>
    <library_materials>
        <material id="ID6" name="material">
            <instance_effect url="#ID5" />
        </material>
        <material id="ID12" name="material_0">
            <instance_effect url="#ID11" />
        </material>
        <material id="ID13" name="edge_color000255">
            <instance_effect url="#ID14" />
        </material>
    </library_materials>
    <library_effects>
        <effect id="ID5">
            <profile_COMMON>
                <technique sid="COMMON">
                    <lambert>
                        <diffuse>
                            <color>1 1 1 1</color>
                        </diffuse>
                    </lambert>
                </technique>
            </profile_COMMON>
        </effect>
        <effect id="ID11">
            <profile_COMMON>
                <technique sid="COMMON">
                    <lambert>
                        <diffuse>
                            <color>0.6431373 0.6980392 0.7333333 1</color>
                        </diffuse>
                    </lambert>
                </technique>
            </profile_COMMON>
        </effect>
        <effect id="ID14">
            <profile_COMMON>
                <technique sid="COMMON">
                    <constant>
                        <transparent opaque="A_ONE">
                            <color>0 0 0 1</color>
                        </transparent>
                        <transparency>
                            <float>1</float>
                        </transparency>
                    </constant>
                </technique>
            </profile_COMMON>
        </effect>
    </library_effects>
    <scene>
        <instance_visual_scene url="#ID2" />
    </scene>
</COLLADA>
